date,open,high,low,close,volume
2022-11-21,10.310299811730566,10.444448106343073,10.04679253593923,10.147404670715332,288222600
2022-11-22,10.219269606632263,10.588179231726627,9.979718044438524,10.573805809020996,292477200
2022-11-23,10.564222501914054,10.95708779338854,10.545058853983146,10.890012741088867,357567000
2022-11-25,10.7031622300407,10.779818645078153,10.612132394502517,10.664834022521973,134753000
2022-11-28,10.444447327545102,10.669626371825546,10.089911139364885,10.195314407348633,262765200
2022-11-29,10.214477942789511,10.262388435538767,9.80724012514578,9.950971603393555,275805400
2022-11-30,9.989301017228396,11.330789492780934,9.893480020196035,11.287670135498047,545469800
2022-12-01,11.354743838413121,11.579921966496372,11.024162443460424,11.349952697753906,411007200
2022-12-02,10.755865537975925,11.321206458721358,10.727118692484613,11.215804100036621,363310000
2022-12-05,10.961878996169743,11.115192762352667,10.47319450770652,10.65046215057373,301980000
2022-12-06,10.626507493075858,10.640880002029656,9.821614094262234,9.974926948547363,339801000
2022-12-07,9.850361941945865,10.075541040065552,9.668303120524824,9.85515308380127,347335800
2022-12-08,9.998881467157139,10.300715999002088,9.76891129919044,10.20489501953125,377840200
2022-12-09,10.085119324484005,10.391745912701463,9.950971048841922,10.008462905883789,354007800
2022-12-12,10.018043470827797,10.37737071415395,9.9030588626214,10.372579574584961,225655000
2022-12-13,11.584713812863358,11.608668603802048,10.406119639582496,10.698372840881348,695385600
2022-12-14,10.640879720986838,11.01458047879932,10.099493604364268,10.44444751739502,578911000
2022-12-15,9.994091391240646,10.075538958320605,9.270645569252004,9.409584999084473,428053200
2022-12-16,9.332928632675237,9.491032626982792,8.964019008018717,9.131705284118652,351284200
2022-12-19,9.150869420080713,9.165241928280967,8.614273544399532,8.753213882446289,310533000
2022-12-20,8.62385775352925,8.892155294436998,8.465753731267222,8.714887619018555,345762400
2022-12-21,8.820287552663617,9.222734209454218,8.734048852806117,9.093376159667969,326374600
2022-12-22,8.779379692816839,8.789011706922523,7.984756900286413,8.447083473205566,460900400
2022-12-23,8.28816006394128,8.533770973556786,8.105156343073073,8.47116470336914,330134600
2022-12-27,8.408556161700337,8.418188176659326,8.052179875253332,8.109971046447754,263200600
2022-12-28,8.066626795486666,8.283342509654835,7.753593700567715,7.782488822937012,364869200
2022-12-29,8.028098997160146,8.427818344769708,7.960676744340965,8.331500053405762,306109800
2022-12-30,8.071442136417991,8.331500053405762,7.946228725068582,8.331500053405762,301941200
2023-01-03,8.543400929283523,8.687878386386103,7.931781806902623,8.143681526184082,359851800
2023-01-04,8.345949427405966,8.423003705580976,7.965494043736789,8.268895149230957,435272800
2023-01-05,8.095521861984214,8.114785889137044,7.840279932124803,7.878807067871094,362504000
2023-01-06,8.018468420182385,8.620455552606881,7.753594449339395,8.49524211883545,466895200
2023-01-09,8.707141574201504,9.130940098001647,8.615639275739412,8.673430442810059,372042800
2023-01-10,8.58192833106632,8.904593467712402,8.524138081297759,8.904593467712402,328723000
2023-01-11,8.996095980184112,9.357288264708252,8.919041699637054,9.34765625,302550000
2023-01-12,9.400630808715057,9.593266497713435,8.95275225769419,9.492132186889648,561852600
2023-01-13,9.232074987666111,9.713664708632399,9.19836385416799,9.679953575134277,319566000
2023-01-17,9.660689998242717,9.877405750260138,9.540292562357381,9.732928276062012,279515800
2023-01-18,9.911116466979596,10.070041038897482,9.338024439159557,9.371735572814941,373300200
2023-01-19,9.183917065905439,9.299498504240947,8.947938181150487,9.077967643737793,332741400
2023-01-20,9.23689037442201,9.848509499405194,9.130940055050774,9.819613456726074,322650400
2023-01-23,9.896667896892438,10.594973324328798,9.814797611734793,10.464943885803223,388084200
2023-01-24,10.286756606578548,10.532367471461406,10.228965436611029,10.402338027954102,290013000
2023-01-25,9.90148453005257,10.397522279550467,9.622162525131305,10.325284004211426,436167200
2023-01-26,10.700923088431027,10.9417179448467,10.402337980868904,10.922454833984375,406837800
2023-01-27,10.768345334207119,11.471465812743663,10.753897313400152,11.23548698425293,376822200
2023-01-30,10.859847226464218,11.028403802985899,10.522734991980302,10.561262130737305,347816000
2023-01-31,10.566078598524314,11.038036298512202,10.546814569026285,11.033220291137695,316513800
2023-02-01,11.009141865037567,12.015664505608765,10.768346992528851,11.745973587036133,543277600
2023-02-02,12.502068860134276,13.21963836101494,12.400935458468918,12.959579467773438,535770200
2023-02-03,12.140877185339281,13.070345552009659,12.09271894507289,12.290170669555664,534808400
2023-02-06,11.967503644280269,12.256457633881126,11.80857908778371,11.97713565826416,323632400
2023-02-07,11.957873513986808,12.853630747287779,11.818212963457695,12.718785285949707,519789200
2023-02-08,12.545411235972567,12.665808660189423,11.948240122084098,12.034926414489746,362514400
2023-02-09,12.545411149323089,12.564675177973267,11.524441513409148,11.712261199951172,395196800
2023-02-10,11.442570940764568,11.68336578147453,11.182512071889287,11.471466064453125,367863400
2023-02-13,11.62557391354047,12.087900457437415,11.485913392012836,12.01566219329834,279739800
2023-02-14,11.81821004213792,12.396117050964643,11.582230313487763,12.27571964263916,511474400
2023-02-15,12.049376192472046,12.569493104162083,11.967505895328264,12.5502290725708,275527400
2023-02-16,11.957873163541803,12.458726932210972,11.813396609496213,11.832659721374512,388993000
2023-02-17,11.572599459648277,11.668916837176564,11.22103832191996,11.577415466308594,389804800
2023-02-21,11.1247240171293,11.293280622559664,10.734636555491871,10.763531684875488,300937600
2023-02-22,10.811688069919661,11.004323747276757,10.585340345285628,10.773160934448242,334677400
2023-02-23,11.168065838878924,11.187328949984662,10.570894697649141,11.042852401733398,359540000
2023-02-24,10.474576092432372,10.609421540625554,10.28194039398459,10.484208106994629,345563600
2023-02-27,10.826136497165074,10.980245057919676,10.643132810908853,10.710555076599121,277508800
2023-02-28,10.63350125647107,10.94171839132082,10.59497411461485,10.657580375671387,254631600
2023-03-01,10.623869781422052,10.69610806125469,10.291573510480001,10.397522926330566,308773800
2023-03-02,10.118200332311185,10.73945060603998,10.089305205722743,10.64794921875,315874600
2023-03-03,10.835768129812886,11.331805845992386,10.777976962287728,11.298093795776367,303353200
2023-03-06,11.442572666993236,11.7893169592441,11.3173592207072,11.346254348754883,303699800
2023-03-07,11.346253377109786,11.452203701810747,10.845400553416118,10.922454833984375,352663000
2023-03-08,10.956167298619366,11.14398701551377,10.753899557902471,11.071748733520508,290985600
2023-03-09,11.129538436663173,11.418491526377887,10.397521860651104,10.48902416229248,393667400
2023-03-10,10.508286115744218,10.67202667178271,9.930379081396042,10.055591583251953,629715200
2023-03-13,9.858140910229068,10.667211759921083,9.694400337383804,10.272308349609375,659081400
2023-03-14,10.652762505300604,11.033217816976013,10.55644421652848,10.970611572265625,434325800
2023-03-15,10.676843034800529,11.182511821547317,10.513102473298646,11.129537582397461,549118800
2023-03-16,11.018772546632865,12.054191194252235,10.94171826381833,12.010848045349121,456714200
2023-03-17,12.006032321076843,12.28535433250864,11.606312875087212,11.832659721374512,403540600
2023-03-20,11.765236691615799,12.00121553787154,11.505177808868982,11.95787239074707,328356000
2023-03-21,12.189035048874226,12.521332199045544,12.006031367054337,12.463541030883789,270290200
2023-03-22,12.453853172384143,13.059349750362705,11.940392332954369,11.954924583435059,475836200
2023-03-23,12.400570449202165,12.88981180878532,12.051803819210104,12.381194114685059,392994400
2023-03-24,12.323064864185097,12.51682355684703,12.032426363235038,12.507135391235352,338830200
2023-03-27,12.589484748523455,12.720272231210835,12.13899514632101,12.250407218933105,273591200
2023-03-28,12.177746430851776,12.177746430851776,11.766009512165942,12.04695987701416,236041400
2023-03-29,12.478071721013759,12.77355430246556,12.386035996249142,12.705738067626953,238730600
2023-03-30,12.991534511650011,13.122321995062062,12.83168345100677,13.049662590026855,260300000
2023-03-31,13.078726219138968,13.718130464248336,13.035130391162014,13.689066886901855,254044200
2023-04-03,13.40811637455773,13.621251428765405,13.23857714789059,13.59218692779541,250232600
2023-04-04,13.64062784062087,13.771415332847718,13.282173950895611,13.456557273864746,232180800
2023-04-05,13.30639152511864,13.330611940875588,12.792930721958408,13.02544116973877,258274000
2023-04-06,12.817150939366194,13.349988105295328,12.647612639042126,13.287016868591309,241920600
2023-04-10,12.904342007422361,13.262795849415827,12.676675640240058,13.257952690124512,237057600
2023-04-11,13.253108436776506,13.257952519920035,12.933406340618685,13.001221656799316,208521600
2023-04-12,13.243420162535884,13.316079561267763,12.594327809224254,12.657299041748047,348038600
2023-04-13,12.851058711975794,13.437178910752207,12.831682379496712,13.383894920349121,247523000
2023-04-14,13.18044737935585,13.529213954947725,12.933405620197393,13.306390762329102,285332200
2023-04-17,13.248263457155025,13.379050921437075,12.98668852859092,13.3209228515625,228617800
2023-04-18,13.597031266108115,13.650315261637225,13.175606157204424,13.330613136291504,212829800
2023-04-19,13.015753544270682,13.437178602979905,13.001221295244225,13.301547050476074,191850600
2023-04-20,12.918874829615973,13.359676257814556,12.821995009036629,12.991534233093262,273695200
2023-04-21,12.933406181435025,13.12232080213557,12.715427062231027,13.015753746032715,228888000
2023-04-24,12.986690453108489,13.161073764660022,12.662144247673394,12.938250541687012,215290800
2023-04-25,12.729959939204925,12.812307507863224,12.19227870126459,12.20681095123291,276576000
2023-04-26,12.604016045138927,12.783242501407816,12.356973348952762,12.410257339477539,249724600
2023-04-27,12.865590644993878,13.480775371540803,12.783243075897719,13.412960052490234,255631200
2023-04-28,13.388741471352924,13.698756380761116,13.238578562618764,13.684224128723145,261072200
2023-05-01,13.630939321698152,13.819854891351868,13.500152756755735,13.645471572875977,178002600
2023-05-02,13.63093690047676,13.66968863948644,13.059348057148242,13.282171249389648,249312000
2023-05-03,13.320926105777954,13.660004594399942,12.996379869153326,13.020599365234375,340267600
2023-05-04,12.972157328642693,13.117476118853286,12.72995872901548,12.875277519226074,242621600
2023-05-05,13.13685333391381,13.785944774572762,13.093257509135421,13.66484546661377,195603200
2023-05-08,13.611562382421349,13.824697422859762,13.475930825067014,13.776257514953613,151477000
2023-05-09,13.558279924982122,13.669691079028492,13.471088265671224,13.50984001159668,129681400
2023-05-10,13.815009490168261,14.057208109881248,13.50015146932426,13.945796966552734,303102000
2023-05-11,14.003924649286411,14.139556214081566,13.800477764050905,14.062052726745605,194683000
2023-05-12,14.13471095181127,14.192838100508263,13.64546965135879,13.916731834411621,210763400
2023-05-15,13.97486058445252,14.168619296025541,13.771413706322242,14.129867553710938,172935200
2023-05-16,14.03783057767999,14.405972559065885,14.028142411979598,14.183150291442871,159327000
2023-05-17,14.313938456298576,14.764428049405897,14.15893148316798,14.691768646240234,202209200
2023-05-18,14.725674375697396,15.520086394721883,14.725674375697396,15.48133373260498,271867600
2023-05-19,15.515242976035271,15.616967800589407,15.234293538246956,15.374768257141113,198058400
2023-05-22,15.34570281935147,15.675093049773626,15.340858736678873,15.53461742401123,166624800
2023-05-23,15.287577370795633,15.452272514228028,14.885527679219953,14.933967590332031,212630000
2023-05-24,14.662705069756857,14.870996036369009,14.42050644326169,14.691768646240234,235945000
2023-05-25,15.675094327586963,15.922136096627806,15.34570407031334,15.75259780883789,261747000
2023-05-26,15.893072828102627,17.075001333181092,15.88338466234436,16.9442138671875,252784400
2023-05-30,17.588463793433473,17.762845241151492,16.973279099845133,17.181570053100586,270612800
2023-05-31,16.939369788574282,17.239695519461,16.663263546854,16.832801818847656,210289000
2023-06-01,16.82796465445896,17.646595505993165,16.66811264292791,17.443147659301758,216759200
2023-06-02,17.709563968369128,18.014732902729538,17.443144004965653,17.835506439208984,216505600
2023-06-05,17.806442778956768,18.261777394006934,17.709564803509355,17.87425994873047,206261800
2023-06-06,17.772534699384273,18.000202001547063,17.564243730986167,17.854883193969727,159509000
2023-06-07,17.89363193755358,18.19395953257384,16.842490898468707,16.9442138671875,228485400
2023-06-08,16.963591008475944,17.622371528856178,16.929683350617736,17.52549171447754,188153800
2023-06-09,17.767689069359673,18.223021762544892,17.535178639999437,17.738624572753906,207944000
2023-06-12,17.995355064432,18.65413364368025,17.84519128102146,18.644447326660156,154857400
2023-06-13,19.070717600123135,19.19666190924183,18.562100900260607,19.0610294342041,266534200
2023-06-14,19.06102850115529,19.521206196725394,18.610538971029975,19.46792221069336,305313000
2023-06-15,19.249947357763308,20.388280146062286,19.138534365159444,20.150924682617188,255874000
2023-06-16,20.543284612367735,20.557815936662397,19.690746376889475,19.763404846191406,224810400
2023-06-20,19.516366728563128,19.89904102076922,19.18213142491243,19.666528701782227,168249800
2023-06-21,19.476043871240133,19.54407366490714,18.708274820031708,18.87834930419922,199266600
2023-06-22,18.64510627681584,19.52949743340697,18.58193680396871,19.50520133972168,210199200
2023-06-23,18.868635642937527,19.29625209306733,18.649967086806843,18.92694664001465,225152400
2023-06-26,18.83461742659053,19.2768129819691,18.144598762588533,18.178613662719727,216900000
2023-06-27,18.39241940324259,19.19420332142965,18.270937103739872,19.077579498291016,195354000
2023-06-28,18.790882185130243,19.50519873693223,18.771446424979413,19.194204330444336,217352600
2023-06-29,19.12617677286729,19.223362999680564,18.790884383045142,19.063005447387695,198266400
2023-06-30,19.631540825935833,20.093172092508546,19.57808831624691,19.923097610473633,184308800
2023-07-03,20.020283046463835,20.161202956781256,19.845348241059142,20.05915641784668,79868000
2023-07-05,19.78704044728286,20.33128071009626,19.78218011653093,20.04458236694336,139007400
2023-07-06,19.42259196076518,19.641258631827736,19.09215993531445,19.57322883605957,170473400
2023-07-07,19.529495853380954,20.049440001607454,19.330264935403257,19.373998641967773,168624800
2023-07-10,19.320544860075795,19.490621198297923,18.91722457371344,19.38857650756836,172013600
2023-07-11,19.446887436164076,19.738444224136064,19.097017807659405,19.665555953979492,162478600
2023-07-12,20.326421343193,20.62283662752755,19.995989306103265,20.394451141357422,230335400
2023-07-13,20.904676844606957,21.555822122698615,20.812350953160955,21.410043716430664,164773200
2023-07-14,21.48778831576028,22.04174726846589,21.24482373273693,21.390602111816406,186056400
2023-07-17,21.516943169976233,22.143792247524015,21.434336100395498,21.983436584472656,145525200
2023-07-18,21.876535882695524,22.76092700276382,21.531526547062157,22.508243560791016,196113200
2023-07-19,22.70747448665974,22.906705412528467,22.265278926625594,22.508243560791016,200573800
2023-07-20,21.944564431259465,22.2069666660639,20.744318613807025,20.928972244262695,233862800
2023-07-21,21.322576934726637,21.468355345320866,20.656852498680337,20.744319915771484,205108600
2023-07-24,20.885236261195235,21.045593782870665,20.50621208803184,20.82692527770996,126429200
2023-07-25,20.933834728465285,21.516948394237144,20.933834728465285,21.244829177856445,138199200
2023-07-26,21.050453469193158,21.307995360257646,20.622835240483585,21.02615737915039,205764600
2023-07-27,21.920268142123202,22.202106135216397,20.62769644794548,20.846364974975586,261103200
2023-07-28,21.526664691430977,22.153513848054995,21.44405761142946,21.97372055053711,204487600
2023-07-31,22.02717486260051,22.211826651928504,21.77934989500141,22.0174560546875,159009200
2023-08-01,21.764770697606895,21.978578891887665,21.48293085391265,21.84737777709961,153056600
2023-08-02,21.23024987485582,21.235110205781197,20.180642689421493,20.41874885559082,258044000
2023-08-03,19.976551162081375,20.632554888343083,19.947394740637748,20.272968292236328,201340200
2023-08-04,20.598542445454562,20.977566701035773,19.90852373876332,19.991130828857422,247452800
2023-08-07,20.277828521719442,20.506215875253215,19.89394394772488,20.486778259277344,149792200
2023-08-08,20.064017881334465,20.064017881334465,19.43716874444464,19.961973190307617,188780000
2023-08-09,20.000845170949557,20.025141259453466,19.16990670987584,19.296247482299805,199430600
2023-08-10,19.757884254934936,20.28754723903511,19.131035045062852,19.383718490600586,260554200
2023-08-11,18.965817714521904,19.27681213269022,18.756867992251387,18.99497413635254,201573800
2023-08-14,18.868633831256407,19.65097837347071,18.756868471552792,19.62668228149414,142553600
2023-08-15,19.471185816193127,19.602386942312744,18.892930648782727,19.024131774902344,162553600
2023-08-16,18.912365881551636,19.155330511193398,18.377844437808967,18.39242172241211,190222000
2023-08-17,18.5867947556205,18.64024727242043,17.702403624039068,17.77043342590332,210232800
2023-08-18,17.26506449561805,17.88705515419202,17.18731589500541,17.687824249267578,247002000
2023-08-21,17.916211118697277,18.649965332044797,17.838462512018697,18.543060302734375,191487200
2023-08-22,18.936659563170867,18.941518039053513,18.353544212605843,18.46044921875,180368000
2023-08-23,18.635386066735723,19.495481064939785,18.601371167400504,19.330265045166016,175454000
2023-08-24,19.86478611425512,19.87936339700588,18.027972487075704,18.05712890625,232397200
2023-08-25,18.1883279521213,18.737428402176203,17.66352358845695,18.484745025634766,278289400
2023-08-28,18.926943514676864,19.033846682720196,18.50418561174815,18.89778709411621,182641000
2023-08-29,18.8540557258793,20.175783962941026,18.800603208399142,20.102893829345703,187495600
2023-08-30,20.132050673168425,20.545089829023414,19.961976162798287,20.438186645507812,185958200
2023-08-31,20.42846458605189,20.88523737954556,20.418745779338472,20.622835159301758,162242800
2023-09-01,20.99700174390136,21.069891870427632,20.287545507560388,20.54994773864746,165058400
2023-09-05,20.394449567822505,20.80748865548013,20.243810845171705,20.6033992767334,123778600
2023-09-06,20.47705581883061,20.525649850150113,19.719007466973952,20.05915641784668,148058200
2023-09-07,19.310829831121023,19.728727442463803,19.135894998912253,19.621824264526367,168623000
2023-09-08,19.587809831581477,20.039724207678873,19.51977817568695,19.68013572692871,149541600
2023-09-11,20.1612054333125,20.452762242352293,19.845350678791906,20.350717544555664,141712800
2023-09-12,20.088316571310177,20.316703926790037,19.631543714023557,19.699573516845703,155524200
2023-09-13,19.71900702412057,20.16120250399696,19.52949308673979,19.893939971923828,170849400
2023-09-14,20.1660649414403,20.5256534210725,19.825914077717535,20.360437393188477,152379800
2023-09-15,20.14176725357703,20.209797050200407,19.1601899719483,19.31568717956543,179839600
2023-09-18,19.160189864371777,19.544074404503128,19.111597682391597,19.359420776367188,124798200
2023-09-19,19.150470061781544,19.35456129356987,18.756866734979447,19.242795944213867,148741400
2023-09-20,19.3934802735197,19.456874116140014,18.384063683484722,18.408445358276367,196038400
2023-09-21,17.823275111477763,17.935432298956865,17.345387236922363,17.360015869140625,216821200
2023-09-22,17.618467609484775,17.935433103039642,17.321006339694517,17.37464714050293,188181200
2023-09-25,17.218603021069352,17.62334405182852,17.072309244450175,17.603837966918945,162538400
2023-09-26,17.218602456552695,17.301500524396594,16.66269021607137,16.818737030029297,210679400
2023-09-27,16.97477955740168,17.199093913836066,16.39936317510316,16.921138763427734,256871600
2023-09-28,16.7699693908741,17.637969552967355,16.643183581883857,17.33075714111328,268145800
2023-09-29,17.83790089770548,18.04270913553624,17.179584718530943,17.36976432800293,286858200
2023-10-02,17.39414755049316,17.993947409656915,17.3014964622673,17.78426170349121,236463200
2023-10-03,17.413655707749136,17.74525166123781,16.599296315641787,16.843116760253906,266539000
2023-10-04,16.960150661627054,17.647724286822676,16.891881230220783,17.525814056396484,252759200
2023-10-05,17.50143377906981,17.555074582370587,16.82361314143848,17.340513229370117,218006200
2023-10-06,16.896757618043143,18.379184513000595,16.779722985708474,18.21338653564453,294897400
2023-10-09,17.852536768250513,18.57424520322107,17.623344909910237,18.48159408569336,210966000
2023-10-10,18.535231895866975,19.198423892829158,18.457209417412752,18.7839298248291,216109600
2023-10-11,18.98873690795556,19.217928737464977,18.725412222790112,19.183794021606445,191710800
2023-10-12,19.247188514919525,19.530019293076563,18.5888721291873,18.95948028564453,236509200
2023-10-13,19.061884084667504,19.154535191969508,18.02808583085678,18.242647171020508,259511000
2023-10-16,18.442580672064857,19.017997144747792,18.418198996483905,18.857074737548828,173152200
2023-10-17,18.296289725884403,18.930222625524515,17.969569303174353,18.67664909362793,210387000
2023-10-18,18.27190788200217,18.61813252692218,17.71599746954972,17.88667106628418,263165200
2023-10-19,18.11586075099873,18.291409917970796,17.281993371919707,17.408781051635742,370050400
2023-10-20,17.321006824362634,17.408782344468396,16.5895453969497,16.623680114746094,277722800
2023-10-23,16.418869770893373,17.26736583604113,16.121410356186672,16.76997184753418,263599000
2023-10-24,17.018666609833762,17.355138130629996,16.774846181957646,17.24298095703125,245074600
2023-10-25,16.887005258030797,16.911386931524778,15.887341763158007,15.979992866516113,328363200
2023-10-26,15.789813672389924,15.916599494401089,14.858418649944813,15.048599243164062,374047400
2023-10-27,15.399699538316417,15.716665936339506,15.092486181488182,15.26315975189209,294702200
2023-10-30,15.580127154933214,15.940980379865891,15.39969961236567,15.755678176879883,264305600
2023-10-31,15.760551802288669,16.038506932313144,15.409450732273715,15.98486614227295,222923600
2023-11-01,16.092150112482106,16.88700532071291,16.077521480371907,16.808982849121094,332635600
2023-11-02,17.438036102526922,17.74037477104003,17.262486957838245,17.70136260986328,234134000
2023-11-03,17.896421743601728,18.52060151224971,17.862287028766445,18.325546264648438,228661200
2023-11-06,18.43770394030676,18.63275919308909,18.198759069910484,18.53523063659668,183599600
2023-11-07,18.701027349972225,19.19842128000053,18.51572515148898,19.0570068359375,204502200
2023-11-08,19.11552432824095,19.227681515984155,18.740040598734144,19.091142654418945,187960200
2023-11-09,19.18379544654768,19.364222080944923,18.559615612825777,18.637638092041016,258365200
2023-11-10,18.896087605546274,19.910381717012235,18.813189533464385,19.881122589111328,248927600
2023-11-13,19.627548151580957,19.86161558333202,19.383727677648274,19.700695037841797,180430400
2023-11-14,20.710112455002676,21.10510044757605,20.62233693216356,20.939302444458008,233552400
2023-11-15,21.270895708838765,21.34891817906045,20.773501763599587,20.997817993164062,218432600
2023-11-16,20.851527219358132,21.070966029589297,20.641843312029113,21.03195571899414,178045000
2023-11-17,20.910046200884455,21.2123830942445,20.758876824103055,21.046585083007812,157517000
2023-11-20,21.041708964207373,21.9194623533772,21.036831512709355,21.79755210876465,165655600
2023-11-21,21.500085918569578,21.53422063047218,21.109973596681044,21.402557373046875,148275200
2023-11-22,21.734154620835383,22.14864863902061,21.48058113128355,21.651256561279297,171446400
2023-11-24,21.57810863503087,21.67563718169294,21.38305154170673,21.543973922729492,63975400
2023-11-27,21.461077106727732,21.81705663249055,21.344044321991454,21.48058319091797,121856400
2023-11-28,21.358670907087614,21.74878325247413,21.295277069649057,21.651256561279297,158349000
2023-11-29,22.06087351495819,22.29981649670358,21.519591858062324,21.573232650756836,177523200
2023-11-30,21.60249275485223,21.680515228983694,20.89053744587728,21.392807006835938,186394600
2023-12-01,21.20750200260582,21.67075933543529,20.929544998624962,21.573232650756836,172937600
2023-12-04,20.92467037098045,21.00269283843351,20.34925397593824,20.958805084228516,181143600
2023-12-05,20.63208980193641,21.309910442470997,20.60770626563879,21.10997772216797,167540400
2023-12-06,21.592740502436726,21.612246586733317,20.680852453900908,20.734493255615234,163000600
2023-12-07,21.202625991806325,21.71952601262759,21.022199380658364,21.60249137878418,162755400
2023-12-08,21.28552641921344,21.943840902198417,21.256267295004296,21.860942840576172,181789000
2023-12-11,21.78292014112883,22.47049566003226,21.748785423762325,22.416854858398438,151540000
2023-12-12,22.421731334886612,22.967888694523218,22.221798613756974,22.95813751220703,142899400
2023-12-13,23.10442626062342,23.928538708303993,22.967885544289953,23.76761817932129,230081400
2023-12-14,24.016317326447542,24.25038476447591,23.187327320803746,23.728609085083008,202697800
2023-12-15,23.865144613811278,24.279640488636456,23.748111841302375,24.011438369750977,156731000
2023-12-18,24.133348810241053,24.67462864332359,24.074830563257212,24.513708114624023,116436000
2023-12-19,24.58685463542677,24.898946391137052,24.557597370349487,24.879440307617188,120349600
2023-12-20,24.724177817002968,25.11110577437648,23.734818645824895,23.774002075195312,176165000
2023-12-21,24.435207217923626,24.621324775671173,23.969914257739152,24.562551498413086,149089400
2023-12-22,24.78295070712427,24.949476542620292,24.31276077220682,24.660505294799805,132420000
2023-12-26,24.802547659885427,25.228657261627095,24.792751800626306,25.11111068725586,87371200
2023-12-27,25.15028555663137,25.302118532150274,24.98865859283129,25.243345260620117,111495600
2023-12-28,25.42946389024739,25.473544316115344,25.111106919751126,25.179676055908203,85768200
2023-12-29,25.164983766690785,25.233552904382684,24.489084511042723,24.831932067871094,134245400
2024-01-02,24.170724970852635,24.20990840176199,23.151980056004092,23.573192596435547,176270600
2024-01-03,23.103000158017604,23.28422071864038,22.740562773509595,22.818927764892578,167812200
2024-01-04,22.466284889899498,23.005045852960183,22.397715754397133,22.436899185180664,143735400
2024-01-05,22.461391203283654,22.98055865904521,22.2703766210039,22.520164489746094,170481600
2024-01-08,22.720970837300857,23.950323846337135,22.691585133548898,23.876855850219727,135374200
2024-01-09,23.342996271645042,24.20011426589944,23.318507559768708,24.033588409423828,148431600
2024-01-10,24.082563233777375,24.689893311949458,23.92093625814393,24.50867462158203,147621000
2024-01-11,24.709484554970498,24.96417123654391,23.705432548631194,24.626220703125,190228400
2024-01-12,24.81723418916795,24.969067166431447,24.41071640955786,24.655607223510742,128214000
2024-01-16,24.430308662869876,24.934783152881202,24.1609291352435,24.640914916992188,145874000
2024-01-17,24.03358501137316,24.288271689289207,23.445846667595262,24.21480369567871,166554600
2024-01-18,24.778054497796948,25.331508302182748,24.542959522889323,25.253143310546875,182140800
2024-01-19,25.62537820428511,26.7518757322481,25.517625633207025,26.71269416809082,186359400
2024-01-22,27.138801017985177,27.388588836171618,26.697996787810624,26.82044219970703,149656600
2024-01-23,26.942890057885947,27.17308805103003,26.58534964688976,27.138803482055664,112172000
2024-01-24,27.893066145367644,28.3583590999564,27.48654646733016,27.584503173828125,179718600
2024-01-25,28.04489373713153,28.177134994011055,27.192674795065976,27.662864685058594,151395200
2024-01-26,27.27104421438459,27.61878876033831,27.02615337328442,27.15349578857422,128382600
2024-01-29,27.236760523724758,28.015513498251085,27.10451924106532,27.951841354370117,115977200
2024-01-30,27.765723096790982,27.878372660326406,27.231860984507275,27.393489837646484,119554400
2024-01-31,26.541265638769207,26.928193571694965,25.75271879038515,25.7821044921875,203451600
2024-02-01,26.10046462637133,26.761669107776886,25.914347075875376,26.693099975585938,162261400
2024-02-02,27.02615195908812,28.250606100517018,26.83513741196421,28.03510284423828,198505000
2024-02-05,28.010612960451947,28.12326252004914,27.217167180298045,27.89306640625,139947800
2024-02-06,28.10367086632383,28.231013269916534,27.251449995494067,27.731435775756836,140124200
2024-02-07,28.25550378952311,28.730592605953245,28.00081709764143,28.55916976928711,131823400
2024-02-08,28.55916929858745,28.843241690147774,28.417132168622906,28.676715850830078,98922200
2024-02-09,28.91181204409317,29.68566799722589,28.755082055574693,29.519142150878906,110222000
2024-02-12,29.48975514068966,29.945252262387392,29.034258018991924,29.171398162841797,116255000
2024-02-13,27.545321797517943,28.34366457017933,27.153494968890683,27.790212631225586,188933000
2024-02-14,28.309382308747782,28.774675304364486,27.848988176490767,28.67182159423828,156151400
2024-02-15,28.804059229800238,28.999970766879255,28.275094156112615,28.91180992126465,130057200
2024-02-16,28.975486148998666,28.999974861044727,27.97143400815837,28.11836814880371,151933000
2024-02-20,27.71184792855003,28.005716184720352,26.717589862823857,27.466957092285156,163321000
2024-02-21,26.923296966028623,27.143697206201225,26.36004734068638,27.124107360839844,152898600
2024-02-22,28.789363369645695,29.680765779225084,28.647328118109055,29.47015953063965,179279200
2024-02-23,29.793420019251087,29.98443457248616,29.004871228003697,29.200782775878906,140390800
2024-02-26,29.357509733232895,29.56811598004162,29.10772192823832,29.161598205566406,109875400
2024-02-27,29.36730792322515,29.430980062250864,28.833445838398994,29.342819213867188,109399800
2024-02-28,28.91181342986568,29.156704282209773,28.67671843581962,28.867733001708984,123503400
2024-02-29,29.426080813839057,29.80321101947672,28.789363209088755,29.56321907043457,136959800
2024-03-01,29.754237135790227,31.106033753951248,29.744441277961016,30.919918060302734,140959600
2024-03-04,30.90032633224712,30.993384179034038,30.518297218905307,30.552581787109375,120418600
2024-03-05,29.925658932298045,29.925658932298045,28.417132378263748,28.916709899902344,193207000
2024-03-06,29.749338164833826,30.087286829832195,29.068540103694776,29.450571060180664,181677400
2024-03-07,30.146059588009237,31.012973315579504,29.832599637143563,30.763185501098633,142370800
2024-03-08,30.81706241134094,31.409697795781614,29.274251240234182,29.416288375854492,296451200
2024-03-11,29.097931170810156,29.32812917123671,28.68161746674024,29.073442459106445,146770000
2024-03-12,29.52893675202733,30.38605465767226,28.877526246920176,30.307689666748047,170560000
2024-03-13,30.09218337479505,30.101979231827226,29.37220563243274,29.602401733398438,143779800
2024-03-14,29.813007802123245,29.925657354735357,28.79426296594448,29.362409591674805,162480400
2024-03-15,28.745284376620038,28.857933931957852,28.059591187385248,28.28978729248047,140883800
2024-03-18,29.328128619895168,29.778726885553237,29.039157343138307,29.088134765625,129193800
2024-03-19,28.67182014642101,29.377105096717994,28.250607600466434,29.288944244384766,118810000
2024-03-20,29.527344129815596,30.39247129828078,29.178344838895267,30.328569412231445,156556000
2024-03-21,31.336243629455566,31.43455378841318,30.682482666231227,30.7218074798584,126541800
2024-03-22,30.60875146990614,31.05114437278926,30.42687889455787,30.785709381103516,91574800
2024-03-25,30.22042792320574,30.78570994147454,30.01397827312449,30.471118927001953,86669400
2024-03-26,30.775878992023124,30.97249744013694,30.12211801114652,30.186019897460938,93986000
2024-03-27,30.756215876325456,30.78570948666292,29.841934582077634,30.45145606994629,111388600
2024-03-28,30.421962442548846,30.58908915081344,30.18110452114743,30.25975227355957,87023400
2024-04-01,30.436709628653343,30.962668722387278,30.04347084955777,30.44654083251953,112290600
2024-04-02,29.42903446791937,29.699386009485274,29.00138741580201,29.630569458007812,109672800
2024-04-03,29.198010211096904,30.210599911527304,29.18817900646712,29.827192306518555,111683800
2024-04-04,30.648076149687615,30.77587992619581,28.382037075096918,28.42136001586914,167520400
2024-04-05,28.706457083677815,29.950075225493435,28.539330379333755,29.424118041992188,154897200
2024-04-08,29.596161780574043,29.817359182730662,29.153768851371236,29.443782806396484,89725400
2024-04-09,29.891088598705387,29.95498860416093,28.794934801850918,29.748538970947266,119965000
2024-04-10,28.686797226975767,29.139021364153756,28.539332915944268,28.96697998046875,202080600
2024-04-11,29.30123207162302,30.50552732737707,28.84409141586695,30.328569412231445,146931200
2024-04-12,29.43394902116187,29.664975731944963,28.568821896397537,28.863752365112305,172589800
2024-04-15,29.59124475908252,29.605990626348255,27.251470897257843,27.41368293762207,203656200
2024-04-16,27.374358697216206,27.9248948380467,27.15316318316341,27.418598175048828,163766200
2024-04-17,27.792176898563866,27.79709156280582,26.224134614820898,26.401092529296875,171026400
2024-04-18,26.489570396844744,26.81890914081836,25.811232377628116,25.9292049407959,172781600
2024-04-19,25.698180914949898,25.791576424275608,24.012167708391708,24.32184410095215,250807600
2024-04-22,24.764235717157703,25.447488432563947,24.169460084402658,25.02967071533203,142604800
2024-04-23,25.373755163935073,26.356853020927165,25.30985515331004,26.14548683166504,151835000
2024-04-24,26.700937676035576,26.990951619180017,25.968530821811548,26.401092529296875,144316800
2024-04-25,25.019842182060636,26.14548784694366,24.813390649018007,25.978361129760742,172827200
2024-04-26,26.55838868334258,27.462838809826092,26.430586783725634,27.17282485961914,135994600
2024-04-29,27.566064212163592,27.688951441622002,26.976205135741157,27.49724578857422,102355000
2024-04-30,27.18265368207183,27.453005200926846,25.919373164327823,25.92428970336914,125248600
2024-05-01,25.634277437955323,26.93688097680022,25.201713854719976,25.363924026489258,208076800
2024-05-02,26.012768118986667,26.46990876762941,25.167305246050578,26.30278205871582,124829800
2024-05-03,27.68895033916796,28.07235787977727,27.39401987514444,27.87082290649414,150878000
2024-05-06,28.224739291123527,28.804767191490914,28.07727498385106,28.785106658935547,82530800
2024-05-07,28.863754414488223,29.11444354934038,28.64747168038556,28.785106658935547,93320400
2024-05-08,28.264063375663092,29.011217971650385,28.23948630427154,28.731035232543945,78027200
2024-05-09,28.755613923820164,29.00138840180153,28.38695220684811,28.88833236694336,81439200
2024-05-10,29.178344990838273,29.527344283575978,28.77527501540113,29.084949493408203,92669600
2024-05-13,29.453613157246966,29.47819210564753,28.99155780401802,29.276657104492188,67722000
2024-05-14,29.17834534382852,29.935331160557656,29.139020528622147,29.82227325439453,92952800
2024-05-15,30.323653813885787,31.27234342999328,30.01397932788127,31.198612213134766,130481400
2024-05-16,31.144541521606094,31.55744083618024,30.96266893659933,31.006908416748047,87715200
2024-05-17,31.011822461204886,31.144540898997878,30.48586524945695,30.93808937072754,70099600
2024-05-20,30.97741236197417,31.719650386922652,30.9430040884732,31.57710075378418,74539000
2024-05-21,31.183862329533323,31.788467266809256,31.13962285241019,31.73931312561035,62314000
2024-05-22,31.798299893532295,31.950678854150752,31.17403068348924,31.719650268554688,80039400
2024-05-23,32.68800306807996,32.6929196073249,30.869271695285022,31.247764587402344,130877800
2024-05-24,31.582015788819287,32.388155658352844,31.429634959779094,32.122718811035156,82558000
2024-05-28,32.373413361643216,32.49138405671942,31.85237268735427,32.47172164916992,83186400
2024-05-29,31.57709803664037,32.166958924755725,31.5574356320145,31.793380737304688,79282200
2024-05-30,31.58202214791349,31.606601097144285,30.471122271728138,30.770965576171875,84703600
2024-05-31,30.770961466333464,30.91351110234635,28.981723707763024,30.736553192138672,143746400
2024-06-03,31.32641186639305,31.532863384026747,29.964821158197715,31.03639793395996,111435000
2024-06-04,30.967584189006523,31.523033158507587,30.608753676591608,31.26742935180664,88491800
2024-06-05,32.00966966312702,33.169725510116315,31.778641051618507,33.15497589111328,104871400
2024-06-06,33.29752853804701,33.36634509870742,32.860050223753866,33.115657806396484,73031200
2024-06-07,32.992767333984375,33.58754112174876,32.74699285555839,32.992767333984375,89943400
2024-06-10,32.73224295599293,33.45482051640469,32.67817602140608,33.341766357421875,72041800
2024-06-11,33.09107367702554,34.0741715328495,32.766653334718406,34.02993392944336,71386800
2024-06-12,34.90489052138059,35.89290116916352,34.76234088185005,35.37186050415039,124402600
2024-06-13,36.163261146368335,36.32055668230267,35.42593761850962,35.93714904785156,87285000
2024-06-14,35.858492993107795,36.47784569582795,35.75035537854333,36.45818328857422,71555000
2024-06-17,36.51225553281261,38.20318512675778,36.21241037225324,37.780452728271484,93354600
2024-06-18,37.76570540269534,37.96232572583667,37.38721062435964,37.800113677978516,66433200
2024-06-20,38.07537248503809,38.17368450262443,36.48275530233944,36.910400390625,105455000
2024-06-21,36.81702160587568,37.12669613215346,36.23699362395921,36.57124710083008,77341800
2024-06-24,36.286144806369975,36.68429827190027,35.293217537314085,35.33253860473633,93754600
2024-06-25,35.77984597429982,36.58598589491424,35.57339633004455,36.51225280761719,77675000
2024-06-26,36.316365876488135,36.85913690743872,36.222616946451424,36.74071502685547,72549600
2024-06-27,36.671628450491696,37.35255884268554,36.474256176583005,37.00716018676758,74115400
2024-06-28,37.150256280891305,38.25553578276106,36.242345295218804,36.4249153137207,107803000
2024-07-01,36.59268811857735,37.150261406431696,35.73411914349927,37.021968841552734,86557400
2024-07-02,36.65683227643475,38.181525722348816,36.63215932638754,38.156856536865234,74950200
2024-07-03,37.96935078768717,39.133843244962584,37.96935078768717,39.0943717956543,56150400
2024-07-05,39.2621327620172,40.3871499181479,39.19305302538204,40.278594970703125,79624600
2024-07-08,40.36741307258619,40.693077921050545,40.105896384035745,40.545047760009766,73365600
2024-07-09,40.915119652521355,41.196373948597405,40.27366440133632,40.63386535644531,72033600
2024-07-10,41.112489239187184,42.0401340679671,40.79175975243694,41.90690994262695,77554800
2024-07-11,41.926651290374636,41.97105808126488,38.83285019652956,39.15357971191406,149329000
2024-07-12,39.23253064258056,40.92499182307839,39.128911031272146,39.790103912353516,101019800
2024-07-15,40.19964521894408,41.260517899262105,39.58779455675068,40.08615493774414,109900400
2024-07-16,40.43155876191773,40.63386262077735,39.346013097932506,40.11576461791992,83637600
2024-07-17,38.1568533533745,38.27527522168098,36.55814119070206,36.58774948120117,142840000
2024-07-18,37.406839105763346,37.461116579255894,35.304834960657246,36.040042877197266,131678400
2024-07-19,35.92162595493297,36.49893687294117,34.75713343261548,35.06305694580078,118249600
2024-07-22,36.341035929296126,36.82459409911558,35.58609038335924,36.59268569946289,112808600
2024-07-23,36.38050702267169,37.071304329925,36.08938207356095,36.19793701171875,87127000
2024-07-24,34.653507129638896,34.72751843980225,32.09754573241908,32.29491424560547,159575200
2024-07-25,32.34919663149528,33.22749944814553,30.656737280552495,31.21924591064453,188128000
2024-07-26,32.07287525236906,32.734068104427486,31.470891452994458,32.11235046386719,137407000
2024-07-29,32.69952660784198,33.1534839883473,31.83602616326016,32.29985046386719,115640800
2024-07-30,32.70446266387936,32.85742439845456,30.266924890458586,30.982397079467773,143063600
2024-07-31,33.049859576251094,34.04658400222759,32.7537993124077,33.691314697265625,173408400
2024-08-01,33.83935411182664,34.648577188638555,30.444562828396357,31.263654708862305,210693200
2024-08-02,29.433032799421095,29.961001538859744,28.125445543184885,28.984012603759766,209844000
2024-08-05,24.340844818843028,27.72576497418071,24.079326261876865,26.457653045654297,287924400
2024-08-06,26.70930383913455,28.495515726464546,26.2208084556198,27.11884880065918,192909400
2024-08-07,28.406700515945992,28.870522986258134,26.151730681362036,26.245481491088867,182751600
2024-08-08,27.360628051499564,28.79157047952695,26.650089356270172,28.64847755432129,152879200
2024-08-09,28.34255162651416,29.37381796774629,28.12544361656905,29.038286209106445,125592400
2024-08-12,29.22578984299807,29.803102562128604,28.673150071587887,29.235658645629883,108972600
2024-08-13,30.079421025057574,31.436350307557806,30.0498164999178,31.362337112426758,108962800
2024-08-14,31.574513498966635,31.8952411277785,30.528442963195324,31.416614532470703,124710600
2024-08-15,32.630446069858884,33.864018103168334,32.5613663371586,33.78013610839844,106424800
2024-08-16,33.36565796779597,34.17488092668101,33.153483425858845,33.868953704833984,89675200
2024-08-19,33.88869172124688,35.20614577543479,33.498882499248495,35.18147659301758,91599800
2024-08-20,34.984100700779436,35.55647611894058,34.584420835407464,34.96436309814453,97859000
2024-08-21,35.12226367706427,35.852539989543885,34.747256718517264,35.4429931640625,103000800
2024-08-22,35.95122440844608,36.099254561432815,33.513684813860415,33.74066162109375,127496400
2024-08-23,34.63870413432336,35.388718102493485,33.79987658618501,34.801536560058594,128753200
2024-08-26,34.67324105585429,34.87061333409642,33.3212471614248,33.78013610839844,84981400
2024-08-27,33.41993933495254,34.293306786635874,32.985719515959346,34.06632995605469,71532600
2024-08-28,33.94790081428394,34.10579786978728,32.151820396222355,32.91169738769531,118625800
2024-08-29,33.281777067637556,34.258767924571245,32.46268706921439,32.73900604248047,120033600
2024-08-30,33.61237360430731,33.9824452306549,32.65512045949461,33.85415267944336,92946800
2024-09-03,33.188024808966006,33.21762933468478,30.242254033922784,30.765287399291992,147572600
2024-09-04,30.118898817524396,31.268587111219198,29.926461858488743,30.503772735595703,96798400
2024-09-05,30.168239137945275,31.441286455455923,29.96099992753098,30.60245704650879,110171600
2024-09-06,30.400152851232225,30.577787544833992,27.98728598846567,28.120512008666992,169904600
2024-09-09,28.900130054113937,29.354085613544527,28.293212742822373,29.166582107543945,110835000
2024-09-10,29.497176296114887,30.059684888630432,28.717559685414198,29.95113182067871,91582400
2024-09-11,30.1879771115124,32.048202214547246,28.505384812878024,31.860700607299805,163475200
2024-09-12,31.89030754111496,33.005457877349194,31.52517121961944,32.80315399169922,109802600
2024-09-13,32.640316439933656,33.48901459300715,32.59097431198909,33.23242950439453,87966600
2024-09-16,32.773543073852444,32.91663789105368,32.087677278532816,32.78834533691406,82331000
2024-09-17,33.40513491048404,33.681457653446955,32.30479057538463,32.80808639526367,103114400
2024-09-18,33.06960064775749,33.92816957742026,32.26531295859882,32.37880325317383,166396200
2024-09-19,34.68805054279001,35.4281938366086,34.24889915628939,34.826210021972656,114801400
2024-09-20,34.61403862454115,34.8755553432653,33.70612747689247,34.60416793823242,96759600
2024-09-23,34.8459422150716,35.10745886926532,34.559752615758036,34.86074447631836,69837000
2024-09-24,35.171605549698334,35.57128168767482,34.234090042452735,35.35417556762695,81259600
2024-09-25,35.21556930717663,35.88384264479085,35.17596697304142,35.477928161621094,64724800
2024-09-26,37.08673690053268,37.160990334340894,35.43337907272327,36.2303581237793,107003200
2024-09-27,36.44321746811962,36.46301863640407,35.33932594055321,35.60663604736328,82930600
2024-09-30,35.373978453504996,35.948201026625064,34.74035614984618,35.883846282958984,85862800
2024-10-01,35.77989493610597,35.85414838003021,33.512711938183074,34.36414337158203,134760200
2024-10-02,34.16118635584373,34.91856313900331,33.596866251658675,34.49284744262695,79119400
2024-10-03,34.022578292879125,35.05221254456403,33.85427026098839,34.413639068603516,97749400
2024-10-04,35.641288073296465,35.720492748491225,34.54234775343327,35.62643814086914,110700400
2024-10-07,35.171021438522075,35.43338030732412,34.185933150603724,34.453243255615234,82403400
2024-10-08,34.977961911140596,36.126403133242235,34.80470264814963,35.94819641113281,77914000
2024-10-09,35.898701199665105,36.943189409102494,35.670993388716354,36.81448745727539,78696200
2024-10-10,36.294714948544964,37.101592825331046,35.997704942019766,36.6857795715332,86060600
2024-10-11,36.22045829687283,37.02733987892905,36.08680512760662,36.77983093261719,70735200
2024-10-14,37.34414894406123,38.02727223815262,37.23029317336937,37.720359802246094,67691200
2024-10-15,37.794615852485485,37.943122732935564,35.71059094984071,36.215511322021484,106307600
2024-10-16,36.25510895782928,36.378863429481726,35.477931026919364,36.195709228515625,70784200
2024-10-17,37.41345795959017,37.42335665695155,36.260065217594835,36.30461502075195,97697800
2024-10-18,36.859032003820396,37.20059555986684,36.69567519208629,36.94813537597656,64151600
2024-10-21,36.66102588480633,37.33425055700544,36.22541147554862,37.15109634399414,74995800
2024-10-22,36.537272589328694,37.596610668543654,36.36401706734253,37.2599983215332,76308000
2024-10-23,36.715475649653165,36.86398252593144,34.78985637779504,35.53733444213867,118172200
2024-10-24,36.34421342685043,36.53232264652655,35.76009215193058,36.38381576538086,78612800
2024-10-25,36.977833719510215,38.11637634168991,36.824379386934055,36.99763488769531,114826000
2024-10-28,37.71541859640076,37.71541859640076,36.958041741641615,37.032291412353516,69162200
2024-10-29,37.091689167388594,38.344083774800204,36.66597349685601,38.05697250366211,78545200
2024-10-30,37.893618236049484,38.10647606434635,37.096639188939335,37.21049118041992,80473200
2024-10-31,36.28976351443454,36.299665988054265,34.36909529110451,34.37899398803711,138905200
2024-11-01,34.690853603373704,35.81949375465591,34.63640133496214,35.11161804199219,96678800
2024-11-04,34.96806628846575,35.52248772991729,34.40869738692675,34.784908294677734,82214400
2024-11-05,35.121513514546194,36.25510479801995,35.10666358392162,36.10660171508789,79352600
2024-11-06,37.948075284284855,39.215319941737405,37.7154162593054,39.037113189697266,118794200
2024-11-07,39.68063884088947,41.051836836928864,39.65093519712245,40.863731384277344,99545200
2024-11-08,40.70037153021931,41.14093715029423,40.54691719282081,40.962730407714844,70060000
2024-11-11,41.24984205012314,41.29934308422982,40.18555282173892,40.88847732543945,70806000
2024-11-12,40.85877857527553,41.07163642676088,39.92319503138773,40.66572189331055,68286000
2024-11-13,40.52216559778355,41.13103549986368,39.93804432469231,40.48751449584961,74989000
2024-11-14,40.38851085736021,40.60631995381372,39.41332871343668,39.631134033203125,77651400
2024-11-15,38.25003015017389,38.339133520163905,36.279861091164456,36.764976501464844,120601600
2024-11-18,37.09169029865603,37.98767146255903,36.784777850145765,37.507503509521484,77551200
2024-11-19,36.90358549990335,38.388639181562446,36.83923075661856,38.25993347167969,80088200
2024-11-20,38.19062918028829,38.259931379507776,36.685774411961454,38.21537780761719,101260600
2024-11-21,38.88365721838867,39.04701025368969,36.90853309530682,38.59159469604492,109865600
2024-11-22,38.43318817247756,38.91335612373834,38.05697352354848,38.73514938354492,79934800
2024-11-25,39.68063602405877,40.032098274074755,38.38368778778645,38.91335678100586,91515800
2024-11-26,39.24996666567973,39.72518335920427,39.05195876587286,39.517276763916016,69747200
2024-11-27,39.24996801162677,39.2598667074476,37.7847155455085,38.561893463134766,78463600
2024-11-29,38.67574547351122,39.68558239848582,38.53714107185157,39.54697799682617,40865800
2024-12-02,39.83904285926854,41.06173391843564,39.74498824829917,40.829078674316406,73638200
2024-12-03,40.49246782044732,41.24984464226482,40.35881086560478,41.1904411315918,84810800
2024-12-04,42.01217009129671,42.754696933496945,41.8339633470337,42.69529342651367,69992600
2024-12-05,42.69529235190221,42.88834902388022,42.24482426616237,42.34383010864258,54020400
2024-12-06,42.462634338583996,43.49722370081233,42.4329344734869,43.43286895751953,62740600
2024-12-09,43.19030987235967,43.39326901522851,42.11612198308516,42.41808319091797,69577600
2024-12-10,42.69529350260219,43.12596043145309,41.606255642775764,41.95771789550781,71541600
2024-12-11,43.007150851212586,44.36350252366872,42.9081487886579,44.20014572143555,74897800
2024-12-12,43.62592437400504,43.94273551484652,43.20515993163932,43.3239631652832,66348400
2024-12-13,44.26449922105043,44.932772623307166,43.487321277730686,44.254600524902344,79663600
2024-12-16,44.90802196264883,46.427726678978004,44.88326955836836,46.18021774291992,69967600
2024-12-17,45.70500278515565,45.99211406835757,45.1307802187518,45.56144714355469,69168200
2024-12-18,45.368390450217326,45.82380600337921,40.240004799048485,40.636016845703125,134849200
2024-12-19,41.715156039906724,41.843861749122574,39.972694724197815,40.061798095703125,113317600
2024-12-20,39.136112047218745,42.50223511290426,38.85890324534582,41.10133361816406,145241000
2024-12-23,41.446515801488516,42.33554281099335,40.64192436136552,42.24614334106445,83645800
2024-12-24,42.68817244001676,43.944732692294636,42.53420816186555,43.92486572265625,48139600
2024-12-26,43.51760150154949,44.24272882817682,43.006035568744004,43.83049774169922,59062000
2024-12-27,42.896770721212235,43.00603336271278,40.86541774154103,42.04747772216797,102139000
2024-12-30,40.329023334855556,41.252816571763276,39.44000013634856,40.35882568359375,102844000
2024-12-31,40.627022714767946,40.80582164421089,39.077433256008106,39.30093002319336,105177600
2025-01-02,40.00122487214836,40.53265394986448,38.00960585841893,39.05259704589844,141370600
2025-01-03,39.72806646711659,41.17832509368113,39.54430360925069,40.925025939941406,92431600
2025-01-06,42.20144634611478,43.13517121467028,41.734582017218465,42.32064437866211,92050000
2025-01-07,42.57394211583241,42.65837389489691,39.5889971855924,40.04096221923828,111021000
2025-01-08,40.01115791355892,40.43332436671101,38.958235098509576,40.07075881958008,96021200
2025-01-10,39.1370338987648,39.14696548845062,37.36394768475609,38.158607482910156,145651600
2025-01-13,36.77788962991486,37.84571184424515,36.42525563284595,37.76128005981445,113382000
2025-01-14,38.481438891679254,38.769500461913,36.84741767718347,37.62717819213867,125271000
2025-01-15,39.390332943710675,40.46312661448671,39.037702743382575,40.17009353637695,106919200
2025-01-16,40.731323380503234,40.75119035018279,39.33569812710164,39.35060119628906,93055400
2025-01-17,41.56571521707396,41.68988092983689,40.64688591123881,41.29254913330078,87352200
2025-01-21,41.943177171646724,42.29084344851794,40.89025432953321,41.977943420410156,83451800
2025-01-22,43.13020633328679,44.158302219629135,43.0656415175438,43.60700607299805,86265400
2025-01-23,42.98120368903984,43.895061518359256,42.847102596957775,43.87519454956055,60481000
2025-01-24,43.91989637157606,44.11856227120793,42.71797317319673,43.08550262451172,72479200
2025-01-27,38.53110768257247,40.244593127014085,38.33244176992662,39.30590057373047,161821600
2025-01-28,39.52442818374941,41.30744589136537,38.73970001756653,41.0491828918457,101033400
2025-01-29,41.17831951735727,41.21308576596746,39.86216218127943,40.7958869934082,118481200
2025-01-30,41.45644971517892,42.012709695745606,40.1601593416646,41.30744934082031,115171000
2025-01-31,42.1766106728745,43.25436820827123,40.81575544870451,41.083953857421875,118146600
2025-02-03,39.00293291147028,40.721385913675256,38.41190290882001,40.09062576293945,153257000
2025-02-04,40.18499736569364,41.689885357944725,40.095597891439255,41.54585266113281,84634600
2025-02-05,40.900183915550365,42.12694173061139,40.60715466022122,42.08720779418945,79694800
2025-02-06,42.19647807374894,42.77757273728749,41.81404932120497,42.71797561645508,76431000
2025-02-07,42.8421359274285,43.304032501740735,40.90018248179469,41.08891677856445,110870400
2025-02-10,42.08224516495143,42.81233637526051,41.96801104159766,42.53420639038086,65594200
2025-02-11,41.75444723414034,42.70803903294951,41.72464867456411,42.23124313354492,62602800
2025-02-12,40.86541919758935,42.519307417979434,40.77601973191321,42.315673828125,96986600
2025-02-13,42.703076179183704,44.183129442713614,42.50441026891982,44.098697662353516,92920200
2025-02-14,44.10862849368827,44.78905799313117,44.004329745172846,44.61522674560547,76057400
2025-02-18,45.01255435054361,45.0721552588128,44.07882952308139,44.89335632324219,68825200
2025-02-19,44.69965715830884,45.2559209226264,44.163260362992276,44.89832305908203,68515800
2025-02-20,44.72449069442845,44.8138901580709,43.15503428586909,44.351993560791016,80266000
2025-02-21,44.58542510399066,44.59536048357091,41.45645123117101,41.57564926147461,118627200
2025-02-24,41.968012722275844,42.24117881781978,39.98136123246397,40.080692291259766,106467400
2025-02-25,39.89693180865045,39.92176268019664,37.637114089899256,38.55097579956055,151194400
2025-02-26,39.027769428789945,39.95652657521336,38.08907690294424,38.7993049621582,126351400
2025-02-27,39.59396582543986,39.81746260814721,35.501464711239414,35.580928802490234,206751000
2025-02-28,35.491530634056666,37.33414955157488,34.806137191262174,37.209983825683594,186358000
2025-03-03,37.93014303646933,38.26787392441688,33.99160650331431,34.80613327026367,183891600
2025-03-04,34.15053993556531,36.142155312129425,32.784717045729764,34.423702239990234,261673800
2025-03-05,34.54290401233223,36.10242511594297,33.519775926764346,35.76469421386719,201266600
2025-03-06,33.966770852574534,35.0147297335546,32.36751592371445,32.79961395263672,245645400
2025-03-07,32.561212283266435,33.77803842905915,31.235123503332293,33.48004150390625,270354600
2025-03-10,31.7864228798151,31.880790035295355,28.746846722425946,29.705406188964844,312271600
2025-03-11,29.50177691211119,30.718599497055134,28.493549940384085,29.357744216918945,278978600
2025-03-12,30.76329768310901,31.12089555808121,29.382575501928468,30.36100196838379,283837200
2025-03-13,30.197102880355168,30.221935645559157,28.329651275584553,28.7021484375,242454600
2025-03-14,29.65573916018034,30.907329805044515,29.55144041342961,30.73846435546875,198217000
2025-03-17,30.7334995813537,31.925489357996696,30.3709359058778,31.334461212158203,180300800
2025-03-18,30.678864855712217,30.683830650642246,29.30807431157439,29.75507164001465,175652400
2025-03-19,30.13750157518577,31.7417223365969,29.769970236387625,30.912296295166016,185186400
2025-03-20,30.127570402916426,31.602659771504655,29.983537712157478,30.594432830810547,176818200
2025-03-21,29.566338581902023,31.00169390204277,29.33787412771471,30.882495880126953,160982000
2025-03-24,32.312885450262854,33.0429804831369,32.19368742119271,32.84431457519531,126823000
2025-03-25,33.018150640747464,33.460180310328106,32.824448627277775,33.43037796020508,111139400
2025-03-26,33.19526042161262,33.36960451828171,31.2625226204141,31.57136344909668,157006400
2025-03-27,31.182822392692426,31.99477373452794,30.759414212202856,31.033384323120117,144736000
2025-03-28,30.654806431060678,30.789301257936035,28.378360965498526,28.562667846679688,207264200
2025-03-31,27.257573995885984,28.707126890611473,26.420718520559088,28.542743682861328,213709000
2025-04-01,28.233905524225893,29.38458230939124,27.70588896692331,29.200273513793945,194196400
2025-04-02,27.989821160079433,30.48544435338649,27.940009103212788,29.852821350097656,246174800
2025-04-03,26.116860727408007,26.814240942107883,24.961203497488597,25.05584716796875,280231400
2025-04-04,22.90891499537696,23.302434799008196,20.438197868895326,20.46808624267578,516053400
2025-04-07,18.306209980357778,23.32734277278439,17.434485695578836,20.547786712646484,791455200
2025-04-08,22.61003645532953,23.317379417403266,18.480553630142822,19.377185821533203,502295400
2025-04-09,19.307447451231877,26.60502605985203,19.292504213874878,26.206523895263672,713864000
2025-04-10,24.248879026199763,24.57764353640674,20.70718749793799,22.983633041381836,563385400
2025-04-11,22.749513231097723,24.44314981528594,22.22647901840108,24.199068069458008,358585800
2025-04-14,25.85285148113025,25.927569562742537,23.945019774008987,24.707155227661133,294861400
2025-04-15,24.886484470954375,25.509144722330586,24.502925528081636,24.801803588867188,209340200
2025-04-16,23.327342345691562,23.9151318187608,21.499211033831877,22.560224533081055,269148800
2025-04-17,22.95872749096892,23.05835350526944,22.091983636825002,22.495468139648438,202191600
2025-04-21,21.603819157247084,21.73831399712618,20.044679284273535,20.851646423339844,229539400
2025-04-22,21.648649617784667,22.903932822939495,21.469323174161385,22.445655822753906,260222800
2025-04-23,24.527830387634772,25.31985420423923,23.725843780230555,23.935056686401367,303995400
2025-04-24,24.278767928701093,26.042140212647876,24.17914191430324,25.972402572631836,240615400
2025-04-25,25.92259045981508,26.933790038290418,25.64363800014236,26.82918357849121,226103200
2025-04-28,26.908885434129925,27.217724384259412,25.72333979302811,26.80925941467285,191356800
2025-04-29,26.420718980399617,27.481730629913077,26.316112519215167,27.332292556762695,169808000
2025-04-30,25.88273930423719,27.60626231952275,25.0658094079843,27.3372745513916,268446600
2025-05-01,28.6722578203373,29.334767290728525,28.208998475535314,28.278736114501953,205481600
2025-05-02,29.210234258446032,29.982332506846486,28.90637578450973,29.603755950927734,195097800
2025-05-05,28.841620814285907,29.638625098878386,28.74199480365982,29.09068489074707,138579000
2025-05-06,27.925066628786322,28.91136020330376,27.68098298297461,28.2637939453125,165885800
2025-05-07,28.373378401994554,29.02094460403612,27.44187931213316,28.59255599975586,207867200
2025-05-08,29.48918662012992,30.241359284418998,28.722068819320928,29.444355010986328,197621600
2025-05-09,29.788063919567804,30.022184765440706,29.055816808357743,29.374618530273438,146818800
2025-05-12,32.80173714580899,32.95615945295946,31.805480869244306,32.931251525878906,202490000
2025-05-13,33.21020505507093,34.79923517528811,33.05578653444368,34.440582275390625,170595400
2025-05-14,34.67470175951705,35.172829922934426,34.475449734066835,35.04829788208008,161184800
2025-05-15,34.60994628827156,35.71080906770744,34.33597427963573,35.15788650512695,161694800
2025-05-16,35.42189343932911,35.62612400685436,34.69462678839647,35.59125518798828,127627200
2025-05-19,34.10683626181223,35.795490446842706,34.08691067904765,35.6859016418457,143794200
2025-05-20,35.15788693482085,35.45178072911642,34.570095545813395,35.31230545043945,134069400
2025-05-21,34.4903911410996,35.860243517823235,33.4642483950325,33.84282684326172,219255200
2025-05-22,33.95241466459674,34.74443655542394,33.683425022311276,34.01716995239258,173542000
2025-05-23,32.42315886877293,33.543947185859864,32.30859152459262,33.035858154296875,214220800
2025-05-27,34.36586316159557,35.4418218886443,34.06698700422088,35.337215423583984,130539600
2025-05-28,35.536461630531264,35.83534157124053,34.759382905686344,34.883914947509766,132542600
2025-05-29,36.363355565224055,36.39324203859652,34.5352261358942,35.053279876708984,193248800
2025-05-30,34.93372425212001,35.1678450803709,33.39451016063977,34.86896896362305,187118200
2025-06-02,34.47046872796507,35.725753876794975,34.2164260910489,35.67095947265625,137925400
2025-06-03,35.74567738371655,36.8017066375922,35.56635094430064,36.502830505371094,128728400
2025-06-04,36.652272413188165,37.02088620243941,36.21889952824094,36.796730041503906,128889000
2025-06-05,37.085637635915774,37.68339367019223,35.51653707192812,35.939945220947266,198008800
2025-06-06,36.995977630166706,37.36459521342674,36.63234619315527,36.96609115600586,131215400
2025-06-09,37.01590293977827,37.479162287932695,36.781782092803326,37.13047409057617,100363800
2025-06-10,37.21515719567108,38.00220066016992,36.741936928002936,37.847782135009766,122693000
2025-06-11,38.151633983999645,38.39571951891559,36.971072676020164,37.45923614501953,181652000
2025-06-12,37.16036166890458,37.92249718036009,37.1205105021891,37.70332336425781,126110000
2025-06-13,36.41316801137998,37.3048178805752,35.999720723352375,36.2786750793457,210666200
2025-06-16,36.971070501772395,37.98226999993357,36.971070501772395,37.758113861083984,116668600
2025-06-17,37.20021220480095,37.54890040660747,36.40320788608863,36.64230728149414,135418200
2025-06-18,36.82163346707809,37.33968722067059,36.283654130607054,36.59249496459961,142661400
2025-06-20,37.24006469400683,37.523997611399444,35.72575453444072,36.089385986328125,163355000
2025-06-23,36.228861496913325,37.324741890873185,35.576311045582415,37.21017074584961,167572800
2025-06-24,38.31103866675186,39.108042963853414,38.18650662656674,38.90380859375,113191600
2025-06-25,39.40233203663029,39.67207463443154,38.82288793884004,39.2025260925293,101438200
2025-06-26,39.67207513327698,40.38639244447689,39.272459428996044,40.27649688720703,100144200
2025-06-27,40.4763062262702,41.08572426587925,39.88686954332667,40.671119689941406,146023600
2025-06-30,41.36046232514403,41.70513024029998,40.87592491613987,41.460365295410156,113721400
2025-07-01,41.02078638188378,41.23058490347242,39.8668868910383,40.4063720703125,140390000
2025-07-02,40.19157927955649,41.255560816346076,40.17659421455377,41.21060562133789,100285000
2025-07-03,41.705132406381765,42.604274429692644,41.705132406381765,42.364501953125,83484600
2025-07-07,41.76007796077647,41.944902647678234,40.860939796435474,41.42040252685547,139674800
2025-07-08,41.700136820889576,41.849991272915666,41.19561806697768,41.47534942626953,115515400
2025-07-09,41.94490295486899,42.65422395673432,41.63519764750829,42.334529876708984,117976200
2025-07-10,42.47439625205049,42.5693067436535,41.53029906112348,42.13971710205078,110317800
2025-07-11,41.62021282904717,42.184671858760964,41.335485168245825,41.82002258300781,106937600
2025-07-14,41.7750651216965,42.42944218537306,41.23558372043932,42.26459884643555,97311400
2025-07-15,43.17372784637924,43.29361217378307,42.35950758071995,42.37449264526367,123257600
2025-07-16,42.48938084434531,42.63424282058229,41.18063438843552,42.49437713623047,166357600
2025-07-17,42.644234863258625,43.61830216053075,42.459410176393696,43.48343276977539,97330800
2025-07-18,43.77815091560772,43.828102402621546,43.05384482627182,43.33357620239258,98496200
2025-07-21,43.53338306244855,44.447510077037634,43.51839799844773,43.992942810058594,87720400
2025-07-22,44.022914864745424,44.03790374045616,42.69418704745022,43.308597564697266,108345200
2025-07-23,43.548368910695615,43.89803311385807,42.90898076145342,43.8780517578125,118025200
2025-07-24,44.18276308019155,44.43752061928618,43.758169722403274,44.16777801513672,90378200
2025-07-25,44.11282867370438,44.74722435295655,43.947989152884645,44.417537689208984,79003200
2025-07-28,44.752216479371434,45.05193301169725,44.547414247406415,44.85212326049805,95592000
2025-07-29,45.45154744225791,45.771241510887016,44.44751004440115,44.647315979003906,116251200
2025-07-30,44.82714745251822,45.39660278962585,44.08785629710495,44.80217361450195,145527600
2025-07-31,46.31072882276086,46.330710179356075,43.78814257671678,44.0628776550293,178874600
2025-08-01,42.58429080304624,42.61925722369749,40.89090992526397,41.42040252685547,219781200
2025-08-04,42.56930693327715,43.74318401500255,42.53933680360759,43.688236236572266,108586000
2025-08-05,43.982957181639144,44.262688559126694,42.669210581536845,42.77910614013672,152088400
2025-08-06,42.973917983197126,44.492466766951786,42.864022428752754,44.3775749206543,128995200
2025-08-07,45.40159621567301,45.79122312582995,43.868062411485056,44.827144622802734,169239200
2025-08-08,45.076905650646125,46.09593192473004,45.00697281124316,46.03599166870117,104522600
2025-08-11,46.07096039904084,46.57547536417219,45.316680380731476,45.631378173828125,94617000
2025-08-12,46.16586652059141,47.39968765151407,45.521482066386916,47.31476974487305,119469600
2025-08-13,47.97913372101319,48.114003108106566,47.04502535051606,47.384700775146484,96058600
2025-08-14,46.87518744218445,47.749351777490375,46.775284471142534,47.254825592041016,106385800
2025-08-15,47.18989004531537,47.20987140215941,46.16586742061986,46.58546829223633,96167400
2025-08-18,46.35568832311163,46.68537118281969,46.07096065793253,46.5255241394043,73371400
2025-08-19,46.34069677911892,46.38565578211346,44.36758459327713,44.62733459472656,111118600
2025-08-20,44.372580689059106,44.402550816887214,42.1497034728297,43.813114166259766,164404200
2025-08-21,43.43347708261977,43.93299955078585,42.654223251817946,43.203697204589844,119920000
2025-08-22,43.46844334983533,45.616391479805145,43.14375679551425,45.1468391418457,132726400
2025-08-25,44.767205214523855,45.44655607983956,44.47248497494157,44.75221633911133,80452600
2025-08-26,44.61235136659013,45.3416537283852,44.3775751917618,45.27172088623047,84374600
2025-08-27,45.026957162331016,45.67633792690556,44.72724442908668,45.47652816772461,90055200
2025-08-28,45.59641171465856,46.51053877472896,45.21178107896968,46.30573272705078,90658000
2025-08-29,45.66634419045354,45.751262097369896,44.20274317213999,44.6373291015625,121887000
2025-09-02,42.51435704083876,43.57833851279757,42.084767418683604,43.498416900634766,166668000
2025-09-03,44.32263019162073,44.89707798005886,43.75317107284177,44.512447357177734,119929800
2025-09-04,44.65731189738426,45.78623380525675,44.267684960335984,45.7162971496582,101759600
2025-09-05,46.92514274098415,47.07499719755412,44.80217221228339,45.866153717041016,172625800
2025-09-08,46.410635142390895,47.00506429818413,46.27576193948323,46.52052688598633,101696800
2025-09-09,46.70535209465032,47.01006111373504,46.07595269986256,46.90016555786133,94620800
2025-09-10,47.67941754210059,47.68441383382288,46.42561890463491,46.95011520385742,120818800
2025-09-11,47.549547448184,47.94417067597621,47.159920512429565,47.73936462402344,91247200
2025-09-12,47.934177936301204,48.63850648022804,47.71938311202432,48.333797454833984,92235200
2025-09-15,48.77337281386029,49.587593053756684,48.7384063940133,49.5676155090332,78114400
2025-09-16,49.787403568156044,49.85733640892832,49.25791097057907,49.432743072509766,77137200
2025-09-17,49.397777172923085,49.552627920400866,47.709392581964025,49.118045806884766,147697200
2025-09-18,50.33188453848613,51.13611601039049,49.84734713864952,50.44178009033203,123401600
2025-09-19,50.89134864185613,51.595677164521994,50.52669936742744,51.440826416015625,84365400
2025-09-22,51.16109053681164,52.48982213824114,51.16109053681164,52.309993743896484,81054600
2025-09-23,52.344959646646245,52.39990742276661,50.94130273733545,51.25600051879883,99930600
2025-09-24,51.60499954223633,51.68000030517578,49.994998931884766,50.70500183105469,101055600
2025-09-25,49.70000076293945,50.435001373291016,48.75,50.025001525878906,122820600
2025-09-26,50.20000076293945,50.689998626708984,49.369998931884766,50.625,124097400
2025-09-29,51.39500045776367,52.13999938964844,50.970001220703125,51.29999923706055,92393200
2025-09-30,51.20500183105469,51.78499984741211,50.61000061035156,51.70000076293945,92323800
2025-10-01,50.8650016784668,52.56999969482422,50.650001525878906,52.43000030517578,93996400
2025-10-02,53.404998779296875,53.41999816894531,52.33000183105469,53.06999969482422,89158600
2025-10-03,53.220001220703125,53.435001373291016,51.880001068115234,52.349998474121094,103096400
2025-10-06,53.70000076293945,53.939998626708984,53.064998626708984,53.52000045776367,82476800
2025-10-07,53.849998474121094,54.029998779296875,52.2599983215332,52.654998779296875,100185800
2025-10-08,52.86000061035156,54.525001525878906,52.83000183105469,54.439998626708984,86931000
2025-10-09,54.439998626708984,54.47999954223633,53.380001068115234,54.224998474121094,87956200
2025-10-10,54.3650016784668,54.83000183105469,48.415000915527344,48.53499984741211,238009400
2025-10-13,51.029998779296875,51.84000015258789,50.42499923706055,51.6150016784668,114511200
2025-10-14,49.8650016784668,51.76499938964844,48.53499984741211,50.564998626708984,147230000
2025-10-15,52.06999969482422,52.755001068115234,50.02000045776367,51.599998474121094,127069400
2025-10-16,52.34000015258789,53.165000915527344,49.875,51.025001525878906,159344000
2025-10-17,50.459999084472656,52.3849983215332,50.060001373291016,51.994998931884766,142274000
2025-10-20,52.80500030517578,54.2599983215332,52.775001525878906,53.94499969482422,79928800
2025-10-21,53.95000076293945,54.2400016784668,53.334999084472656,53.8849983215332,79811400
2025-10-22,53.724998474121094,53.869998931884766,50.790000915527344,52.29999923706055,134380800
2025-10-23,52.1349983215332,53.814998626708984,52.040000915527344,53.61000061035156,91245000
2025-10-24,54.994998931884766,55.630001068115234,54.76499938964844,55.279998779296875,84387600
2025-10-27,57.2599983215332,58.345001220703125,57.1349983215332,58.21500015258789,77489400
2025-10-28,58.82500076293945,60.040000915527344,58.529998779296875,59.54499816894531,92239400
2025-10-29,60.28499984741211,60.685001373291016,58.77000045776367,60.30500030517578,133060800
2025-10-30,59.29499816894531,59.66999816894531,57.51499938964844,57.54499816894531,127234200
2025-10-31,59.744998931884766,59.744998931884766,57.689998626708984,58.36000061035156,122666800
2025-11-03,60.0,60.209999084472656,58.540000915527344,59.15999984741211,83598000
2025-11-04,56.68000030517578,57.70500183105469,55.31999969482422,55.540000915527344,124762800
2025-11-05,55.34000015258789,57.5,54.970001220703125,56.619998931884766,109730000
2025-11-06,56.185001373291016,56.25,53.060001373291016,53.44499969482422,156461400
2025-11-07,52.5099983215332,52.91999816894531,49.97999954223633,52.88999938964844,183589400
2025-11-10,55.21500015258789,56.625,54.70500183105469,56.35499954223633,119878800
2025-11-11,55.6349983215332,56.209999084472656,54.79999923706055,55.88999938964844,102665600
2025-11-12,56.76499938964844,56.77000045776367,54.8650016784668,55.775001525878906,125708400
2025-11-13,54.78499984741211,54.939998626708984,51.70000076293945,52.33000183105469,201264400
2025-11-14,49.9900016784668,53.54499816894531,49.3849983215332,52.369998931884766,222397600
2025-11-17,51.70500183105469,53.314998626708984,50.05500030517578,51.025001525878906,186327000
2025-11-18,49.98500061035156,50.66999816894531,47.900001525878906,49.18000030517578,267348000
2025-11-19,49.32500076293945,51.57500076293945,48.71500015258789,50.025001525878906,184263600
2025-11-20,52.95000076293945,53.540000915527344,46.22999954223633,46.45000076293945,178246300
2025-11-21,46.849998474121094,49.099998474121094,45.2400016784668,47.47999954223633,179618600
2025-11-24,48.70000076293945,51.45000076293945,48.66999816894531,51.08000183105469,93894200
2025-11-25,50.63999938964844,52.36000061035156,49.08000183105469,52.0099983215332,101851900
2025-11-26,52.90999984741211,53.86000061035156,52.369998931884766,53.369998931884766,75598100
2025-11-28,53.81999969482422,54.61000061035156,53.630001068115234,54.540000915527344,34381600
2025-12-01,53.11000061035156,54.650001525878906,52.81999969482422,54.04999923706055,66359600
2025-12-02,54.630001068115234,55.7599983215332,54.13999938964844,55.29999923706055,79504400
2025-12-03,54.65999984741211,55.880001068115234,54.22999954223633,55.689998626708984,69844900
2025-12-04,56.040000915527344,56.04999923706055,54.61000061035156,55.5099983215332,63958000
2025-12-05,55.86000061035156,57.08000183105469,55.68000030517578,56.150001525878906,73206000
2025-12-08,56.56999969482422,57.040000915527344,55.119998931884766,55.79999923706055,69700000
2025-12-09,55.45000076293945,56.220001220703125,55.09000015258789,56.0099983215332,48736000
2025-12-10,55.650001525878906,57.09000015258789,54.88999938964844,56.650001525878906,100261100
2025-12-11,55.630001068115234,56.15999984741211,53.97999954223633,56.11000061035156,99683900
2025-12-12,55.11000061035156,55.52000045776367,52.22999954223633,52.81999969482422,138448500
2025-12-15,54.060001373291016,54.060001373291016,51.720001220703125,52.02000045776367,98696300
2025-12-16,51.43000030517578,52.77000045776367,51.099998474121094,52.33000183105469,105953700
2025-12-17,52.650001525878906,52.79999923706055,49.369998931884766,49.400001525878906,124666900
