datetime,open,high,low,close,volume
2022-09-06 09:00:00,1615.0,1655.0,1500.0,1505.0,3663614.28635598
2022-09-07 09:00:00,1505.0,1565.0,1480.0,1540.0,3285212.70188255
2022-09-08 09:00:00,1540.0,1575.0,1520.0,1570.0,3973109.2168074
2022-09-09 09:00:00,1570.0,1665.0,1565.0,1630.0,3605073.16161445
2022-09-10 09:00:00,1635.0,1665.0,1605.0,1635.0,2682562.69513973
2022-09-11 09:00:00,1635.0,1655.0,1595.0,1625.0,1971876.18834748
2022-09-12 09:00:00,1630.0,1675.0,1600.0,1625.0,4798097.89963175
2022-09-13 09:00:00,1625.0,1655.0,1520.0,1525.0,6666869.21793781
2022-09-14 09:00:00,1525.0,1565.0,1510.0,1555.0,2538898.49578363
2022-09-15 09:00:00,1560.0,1565.0,1515.0,1545.0,2873343.08225276
2022-09-16 09:00:00,1545.0,1550.0,1500.0,1525.0,1933852.1723836
2022-09-17 09:00:00,1525.0,1575.0,1525.0,1575.0,1101464.75412318
2022-09-18 09:00:00,1570.0,1575.0,1450.0,1470.0,2498482.6991803
2022-09-19 09:00:00,1470.0,1505.0,1435.0,1485.0,2460638.85230419
2022-09-20 09:00:00,1485.0,1495.0,1450.0,1470.0,1514185.95786385
2022-09-21 09:00:00,1470.0,1560.0,1445.0,1480.0,4813364.45441008
2022-09-22 09:00:00,1485.0,1590.0,1470.0,1585.0,3593717.81651922
2022-09-23 09:00:00,1580.0,1660.0,1565.0,1630.0,8528880.41801133
2022-09-24 09:00:00,1625.0,1645.0,1580.0,1590.0,1612700.90193645
2022-09-25 09:00:00,1590.0,1625.0,1540.0,1555.0,2172671.298409
2022-09-26 09:00:00,1555.0,1585.0,1515.0,1570.0,3901767.60430919
2022-09-27 09:00:00,1580.0,1645.0,1540.0,1565.0,4706510.66076261
2022-09-28 09:00:00,1565.0,1615.0,1525.0,1575.0,5725987.07626292
2022-09-29 09:00:00,1575.0,1580.0,1535.0,1565.0,2226088.62114375
2022-09-30 09:00:00,1565.0,1585.0,1535.0,1545.0,1521308.54126997
2022-10-01 09:00:00,1545.0,1550.0,1515.0,1530.0,941472.92852046
2022-10-02 09:00:00,1530.0,1545.0,1495.0,1500.0,952859.99659494
2022-10-03 09:00:00,1500.0,1535.0,1480.0,1530.0,1067852.50984328
2022-10-04 09:00:00,1530.0,1555.0,1520.0,1545.0,1070423.5497455
2022-10-05 09:00:00,1545.0,1555.0,1505.0,1550.0,938185.51283959
2022-10-06 09:00:00,1550.0,1565.0,1530.0,1535.0,963540.15975635
2022-10-07 09:00:00,1535.0,1540.0,1495.0,1515.0,1351553.20283873
2022-10-08 09:00:00,1515.0,1525.0,1495.0,1505.0,1127684.90017669
2022-10-09 09:00:00,1510.0,1515.0,1490.0,1515.0,857229.54175714
2022-10-10 09:00:00,1515.0,1525.0,1450.0,1455.0,1466103.44724477
2022-10-11 09:00:00,1455.0,1490.0,1410.0,1465.0,2205304.80476395
2022-10-12 09:00:00,1460.0,1480.0,1445.0,1455.0,806232.98595269
2022-10-13 09:00:00,1455.0,1455.0,1325.0,1450.0,2293909.39056364
2022-10-14 09:00:00,1450.0,1485.0,1410.0,1425.0,1367233.97031013
2022-10-15 09:00:00,1430.0,1455.0,1420.0,1430.0,537716.16078154
2022-10-16 09:00:00,1430.0,1460.0,1430.0,1445.0,517687.02829073
2022-10-17 09:00:00,1450.0,1470.0,1430.0,1460.0,563571.49855131
2022-10-18 09:00:00,1465.0,1475.0,1410.0,1455.0,1188437.66451875
2022-10-19 09:00:00,1455.0,1480.0,1410.0,1415.0,1409229.84433872
2022-10-20 09:00:00,1415.0,1450.0,1390.0,1415.0,673552.97271241
2022-10-21 09:00:00,1410.0,1435.0,1370.0,1430.0,1096345.43541158
2022-10-22 09:00:00,1430.0,1455.0,1415.0,1435.0,577561.37031466
2022-10-23 09:00:00,1435.0,1470.0,1420.0,1465.0,2558612.32731384
2022-10-24 09:00:00,1455.0,1530.0,1435.0,1510.0,2244514.88057994
2022-10-25 09:00:00,1515.0,1570.0,1500.0,1525.0,3186499.60759764
2022-10-26 09:00:00,1530.0,1580.0,1520.0,1570.0,2549585.76885585
2022-10-27 09:00:00,1570.0,1610.0,1520.0,1565.0,1975025.81365535
2022-10-28 09:00:00,1565.0,1655.0,1545.0,1625.0,4319814.61882621
2022-10-29 09:00:00,1625.0,1750.0,1615.0,1745.0,10686436.98243957
2022-10-30 09:00:00,1740.0,1750.0,1625.0,1645.0,4351854.39256919
2022-10-31 09:00:00,1640.0,1670.0,1600.0,1635.0,1625190.55152648
2022-11-01 09:00:00,1635.0,1695.0,1615.0,1695.0,2617099.27960532
2022-11-02 09:00:00,1690.0,1745.0,1590.0,1635.0,7181043.5655352
2022-11-03 09:00:00,1630.0,1805.0,1625.0,1755.0,8612711.78174443
2022-11-04 09:00:00,1760.0,1850.0,1730.0,1790.0,4337087.65794406
2022-11-05 09:00:00,1790.0,1835.0,1700.0,1795.0,2170052.27585133
2022-11-06 09:00:00,1795.0,1845.0,1675.0,1680.0,2463247.88555595
2022-11-07 09:00:00,1675.0,1735.0,1630.0,1695.0,3079342.30979671
2022-11-08 09:00:00,1690.0,1725.0,1355.0,1470.0,7458944.03228493
2022-11-09 09:00:00,1470.0,1490.0,1210.0,1265.0,6177362.81211833
2022-11-10 09:00:00,1265.0,1435.0,1240.0,1415.0,4433092.68113025
2022-11-11 09:00:00,1415.0,1440.0,1270.0,1315.0,3814177.22531634
2022-11-12 09:00:00,1315.0,1320.0,1220.0,1235.0,2087382.87382921
2022-11-13 09:00:00,1235.0,1265.0,1155.0,1195.0,3155619.69767088
2022-11-14 09:00:00,1195.0,1240.0,1110.0,1215.0,3148356.08061723
2022-11-15 09:00:00,1215.0,1270.0,1195.0,1250.0,1491347.93394834
2022-11-16 09:00:00,1250.0,1270.0,1205.0,1230.0,1366240.98187355
2022-11-17 09:00:00,1235.0,1240.0,1195.0,1210.0,764516.48473413
2022-11-18 09:00:00,1210.0,1265.0,1210.0,1245.0,2803705.44765275
2022-11-19 09:00:00,1240.0,1255.0,1220.0,1250.0,1473183.89907939
2022-11-20 09:00:00,1245.0,1260.0,1175.0,1185.0,3137116.30477776
2022-11-21 09:00:00,1185.0,1200.0,1145.0,1170.0,1833295.82241347
2022-11-22 09:00:00,1165.0,1190.0,1125.0,1185.0,2060171.70526714
2022-11-23 09:00:00,1185.0,1235.0,1180.0,1235.0,1939195.21097539
2022-11-24 09:00:00,1235.0,1250.0,1180.0,1230.0,2196461.7952199
2022-11-25 09:00:00,1230.0,1280.0,1190.0,1250.0,2458882.60496798
2022-11-26 09:00:00,1260.0,1290.0,1245.0,1255.0,1958897.323329
2022-11-27 09:00:00,1255.0,1340.0,1250.0,1320.0,4772770.74656548
2022-11-28 09:00:00,1320.0,1320.0,1230.0,1265.0,3788654.01868664
2022-11-29 09:00:00,1265.0,1310.0,1250.0,1265.0,3166038.00980865
2022-11-30 09:00:00,1260.0,1310.0,1245.0,1300.0,2337735.59495262
2022-12-01 09:00:00,1300.0,1305.0,1240.0,1250.0,1507947.47963292
2022-12-02 09:00:00,1255.0,1260.0,1195.0,1230.0,1510301.61591817
2022-12-03 09:00:00,1230.0,1240.0,1185.0,1200.0,1014628.65715229
2022-12-04 09:00:00,1200.0,1215.0,1185.0,1195.0,1080931.92416114
2022-12-05 09:00:00,1195.0,1215.0,1175.0,1180.0,1575420.83919494
2022-12-06 09:00:00,1175.0,1210.0,1170.0,1205.0,1118312.67387878
2022-12-07 09:00:00,1205.0,1210.0,1135.0,1175.0,1236382.08270328
2022-12-08 09:00:00,1175.0,1175.0,1125.0,1165.0,1699860.25551357
2022-12-09 09:00:00,1170.0,1170.0,1140.0,1145.0,1215978.82084231
2022-12-10 09:00:00,1145.0,1160.0,1135.0,1140.0,1183608.94820148
2022-12-11 09:00:00,1140.0,1155.0,1125.0,1125.0,1097890.77076145
2022-12-12 09:00:00,1130.0,1130.0,1080.0,1100.0,2018573.91698775
2022-12-13 09:00:00,1100.0,1115.0,1050.0,1105.0,1979240.0322584
2022-12-14 09:00:00,1105.0,1115.0,1075.0,1080.0,1104494.0526632
2022-12-15 09:00:00,1085.0,1100.0,1060.0,1085.0,994895.61281368
2022-12-16 09:00:00,1085.0,1105.0,976.0,993.0,2663122.58858294
2022-12-17 09:00:00,993.0,1005.0,940.0,997.0,2172802.86834323
2022-12-18 09:00:00,998.0,1010.0,983.0,996.0,1081801.18790012
2022-12-19 09:00:00,995.0,1010.0,950.0,966.0,1446648.60854323
2022-12-20 09:00:00,966.0,1015.0,955.0,1010.0,2082268.53156023
2022-12-21 09:00:00,1005.0,1015.0,984.0,1005.0,651340.13221813
2022-12-22 09:00:00,1000.0,1025.0,992.0,1025.0,995016.81793678
2022-12-23 09:00:00,1025.0,1030.0,1010.0,1015.0,1055573.1726491
2022-12-24 09:00:00,1020.0,1025.0,1005.0,1010.0,507302.34152526
2022-12-25 09:00:00,1005.0,1015.0,975.0,984.0,658746.58831088
2022-12-26 09:00:00,983.0,996.0,974.0,994.0,1657873.51404011
2022-12-27 09:00:00,994.0,998.0,955.0,965.0,719060.0987953
2022-12-28 09:00:00,967.0,975.0,921.0,952.0,1461570.76601529
2022-12-29 09:00:00,954.0,958.0,911.0,927.0,729993.96625911
2022-12-30 09:00:00,926.0,928.0,890.0,925.0,1015053.88279913
2022-12-31 09:00:00,925.0,939.0,912.0,922.0,347889.82253701
2023-01-01 09:00:00,922.0,935.0,913.0,930.0,431849.17838567
2023-01-02 09:00:00,929.0,960.0,918.0,957.0,1369602.74824529
2023-01-03 09:00:00,957.0,961.0,933.0,943.0,905081.38089317
2023-01-04 09:00:00,942.0,970.0,941.0,965.0,1025937.77204522
2023-01-05 09:00:00,964.0,1005.0,957.0,963.0,3488743.9043503
2023-01-06 09:00:00,963.0,968.0,928.0,964.0,1152556.47223277
2023-01-07 09:00:00,963.0,980.0,963.0,979.0,845366.80920409
2023-01-08 09:00:00,979.0,1015.0,965.0,1010.0,1425467.32406186
2023-01-09 09:00:00,1010.0,1040.0,791.0,1010.0,4031545.90227418
2023-01-10 09:00:00,1010.0,1035.0,1000.0,1020.0,1941235.06934981
2023-01-11 09:00:00,1020.0,1050.0,980.0,1045.0,2282226.70527202
2023-01-12 09:00:00,1045.0,1085.0,1015.0,1060.0,6804446.31210484
2023-01-13 09:00:00,1060.0,1120.0,1045.0,1110.0,2482072.15447791
2023-01-14 09:00:00,1110.0,1185.0,1050.0,1130.0,7712788.01486144
2023-01-15 09:00:00,1130.0,1170.0,1100.0,1150.0,5496628.01442681
2023-01-16 09:00:00,1150.0,1185.0,1100.0,1140.0,3374883.02498243
2023-01-17 09:00:00,1140.0,1255.0,1125.0,1195.0,14164674.54061415
2023-01-18 09:00:00,1195.0,1210.0,1070.0,1075.0,4845880.52399423
2023-01-19 09:00:00,1075.0,1115.0,1075.0,1110.0,2700987.98689527
2023-01-20 09:00:00,1105.0,1255.0,1105.0,1240.0,2962973.68987736
2023-01-21 09:00:00,1245.0,1295.0,1225.0,1255.0,5450320.95150436
2023-01-22 09:00:00,1255.0,1350.0,1240.0,1340.0,3166225.44864238
2023-01-23 09:00:00,1335.0,1400.0,1310.0,1330.0,2196813.7855806
2023-01-24 09:00:00,1330.0,1360.0,1220.0,1250.0,2975331.8917269
2023-01-25 09:00:00,1245.0,1325.0,1210.0,1315.0,4062448.18773544
2023-01-26 09:00:00,1315.0,1355.0,1290.0,1335.0,3757633.46869704
2023-01-27 09:00:00,1330.0,1510.0,1280.0,1400.0,26516364.81323822
2023-01-28 09:00:00,1405.0,1420.0,1345.0,1350.0,5086071.43197043
2023-01-29 09:00:00,1350.0,1405.0,1340.0,1380.0,1676303.50758087
2023-01-30 09:00:00,1385.0,1405.0,1240.0,1280.0,2193387.80708494
2023-01-31 09:00:00,1280.0,1305.0,1260.0,1290.0,1618196.71874573
2023-02-01 09:00:00,1285.0,1360.0,1220.0,1355.0,1653960.7343446
2023-02-02 09:00:00,1355.0,1415.0,1325.0,1345.0,1548837.96929435
2023-02-03 09:00:00,1350.0,1420.0,1340.0,1400.0,3635098.7858819
2023-02-04 09:00:00,1400.0,1430.0,1380.0,1415.0,1602341.5188743
2023-02-05 09:00:00,1415.0,1490.0,1310.0,1390.0,6219072.49321666
2023-02-06 09:00:00,1390.0,1410.0,1345.0,1380.0,2362314.81062768
2023-02-07 09:00:00,1375.0,1520.0,1370.0,1515.0,7108332.42468458
2023-02-08 09:00:00,1515.0,1520.0,1405.0,1455.0,2352216.00918271
2023-02-09 09:00:00,1460.0,1540.0,1320.0,1355.0,5028499.11992043
2023-02-10 09:00:00,1350.0,1380.0,1320.0,1365.0,1550975.30689911
2023-02-11 09:00:00,1360.0,1410.0,1355.0,1395.0,1127940.22264006
2023-02-12 09:00:00,1395.0,1430.0,1370.0,1380.0,1048129.33172544
2023-02-13 09:00:00,1390.0,1390.0,1305.0,1350.0,1035267.77336753
2023-02-14 09:00:00,1360.0,1400.0,1315.0,1395.0,1048695.26831994
2023-02-15 09:00:00,1400.0,1495.0,1375.0,1490.0,1608043.93173667
2023-02-16 09:00:00,1490.0,1605.0,1455.0,1460.0,4081885.02731997
2023-02-17 09:00:00,1460.0,1580.0,1450.0,1555.0,2360755.77781169
2023-02-18 09:00:00,1565.0,1630.0,1535.0,1550.0,2253276.1820897
2023-02-19 09:00:00,1545.0,1585.0,1510.0,1550.0,1986940.79899549
2023-02-20 09:00:00,1550.0,1665.0,1515.0,1660.0,2496864.59672221
2023-02-21 09:00:00,1660.0,1675.0,1565.0,1620.0,2765520.22714539
2023-02-22 09:00:00,1620.0,1625.0,1490.0,1560.0,3517449.05437036
2023-02-23 09:00:00,1560.0,1600.0,1535.0,1565.0,3715082.97792034
2023-02-24 09:00:00,1565.0,1670.0,1540.0,1570.0,9550361.87055432
2023-02-25 09:00:00,1570.0,1675.0,1525.0,1615.0,9296568.380027
2023-02-26 09:00:00,1620.0,1650.0,1575.0,1630.0,2814807.6259596
2023-02-27 09:00:00,1625.0,1640.0,1540.0,1570.0,1762124.40784883
2023-02-28 09:00:00,1570.0,1575.0,1505.0,1510.0,1074195.58960014
2023-03-01 09:00:00,1510.0,1585.0,1500.0,1575.0,1278240.44662884
2023-03-02 09:00:00,1575.0,1585.0,1505.0,1545.0,1077987.76317612
2023-03-03 09:00:00,1550.0,1555.0,1380.0,1405.0,3285585.60823406
2023-03-04 09:00:00,1405.0,1420.0,1340.0,1365.0,1436268.45979222
2023-03-05 09:00:00,1360.0,1380.0,1325.0,1335.0,1169426.45014862
2023-03-06 09:00:00,1330.0,1355.0,1280.0,1350.0,1939997.54336273
2023-03-07 09:00:00,1355.0,1370.0,1295.0,1335.0,1014653.86752343
2023-03-08 09:00:00,1335.0,1345.0,1265.0,1285.0,993053.42200251
2023-03-09 09:00:00,1280.0,1320.0,1185.0,1200.0,1250069.44573436
2023-03-10 09:00:00,1195.0,1240.0,1155.0,1230.0,1597586.11077773
2023-03-11 09:00:00,1235.0,1260.0,1170.0,1225.0,755027.26492989
2023-03-12 09:00:00,1225.0,1300.0,1195.0,1300.0,818140.14113372
2023-03-13 09:00:00,1300.0,1350.0,1260.0,1345.0,1707651.29889971
2023-03-14 09:00:00,1340.0,1440.0,1320.0,1405.0,3674465.81739567
2023-03-15 09:00:00,1405.0,1445.0,1310.0,1350.0,1352433.91690904
2023-03-16 09:00:00,1350.0,1380.0,1330.0,1360.0,663697.45986522
2023-03-17 09:00:00,1365.0,1440.0,1340.0,1440.0,1355439.61523732
2023-03-18 09:00:00,1435.0,1455.0,1375.0,1380.0,1151044.61790042
2023-03-19 09:00:00,1380.0,1445.0,1375.0,1425.0,1126108.35666344
2023-03-20 09:00:00,1420.0,1435.0,1350.0,1365.0,1190313.94755025
2023-03-21 09:00:00,1360.0,1400.0,1305.0,1385.0,1309724.34104648
2023-03-22 09:00:00,1390.0,1390.0,1285.0,1325.0,1028374.21567486
2023-03-23 09:00:00,1330.0,1385.0,1305.0,1385.0,471690.02905382
2023-03-24 09:00:00,1385.0,1390.0,1335.0,1350.0,527162.20407541
2023-03-25 09:00:00,1360.0,1360.0,1320.0,1345.0,574829.70322631
2023-03-26 09:00:00,1340.0,1370.0,1330.0,1360.0,260677.73142787
2023-03-27 09:00:00,1360.0,1365.0,1255.0,1290.0,845968.90744863
2023-03-28 09:00:00,1290.0,1320.0,1265.0,1295.0,1588177.19985687
2023-03-29 09:00:00,1290.0,1415.0,1285.0,1385.0,3449423.91260524
2023-03-30 09:00:00,1385.0,1390.0,1325.0,1350.0,1370591.36698421
2023-03-31 09:00:00,1350.0,1380.0,1315.0,1370.0,1167910.88127332
2023-04-01 09:00:00,1370.0,1435.0,1365.0,1430.0,1397849.2013119
2023-04-02 09:00:00,1435.0,1440.0,1360.0,1375.0,801891.12984464
2023-04-03 09:00:00,1380.0,1440.0,1335.0,1395.0,3597464.82185891
2023-04-04 09:00:00,1395.0,1500.0,1375.0,1445.0,3734564.22868795
2023-04-05 09:00:00,1445.0,1490.0,1430.0,1440.0,1987473.64549469
2023-04-06 09:00:00,1440.0,1450.0,1405.0,1430.0,1603714.8060995
2023-04-07 09:00:00,1430.0,1445.0,1385.0,1405.0,1362120.24781333
2023-04-08 09:00:00,1405.0,1410.0,1385.0,1400.0,975616.45783643
2023-04-09 09:00:00,1400.0,1420.0,1365.0,1380.0,885371.47718947
2023-04-10 09:00:00,1385.0,1430.0,1360.0,1420.0,788129.08279935
2023-04-11 09:00:00,1430.0,1435.0,1405.0,1415.0,627555.21503374
2023-04-12 09:00:00,1415.0,1420.0,1350.0,1390.0,1048630.46239823
2023-04-13 09:00:00,1395.0,1425.0,1370.0,1425.0,656001.96921058
2023-04-14 09:00:00,1420.0,1480.0,1415.0,1470.0,1640154.50545109
2023-04-15 09:00:00,1470.0,1500.0,1445.0,1485.0,682325.71953341
2023-04-16 09:00:00,1485.0,1510.0,1455.0,1475.0,988016.43895361
2023-04-17 09:00:00,1475.0,1485.0,1430.0,1465.0,929661.85529745
2023-04-18 09:00:00,1470.0,1635.0,1450.0,1595.0,11539038.82582575
2023-04-19 09:00:00,1595.0,1600.0,1440.0,1460.0,3783103.89215624
2023-04-20 09:00:00,1455.0,1475.0,1360.0,1380.0,2139330.1708381
2023-04-21 09:00:00,1380.0,1395.0,1305.0,1325.0,1714813.08782685
2023-04-22 09:00:00,1325.0,1400.0,1305.0,1400.0,971344.59604282
2023-04-23 09:00:00,1395.0,1400.0,1335.0,1365.0,556278.68128053
2023-04-24 09:00:00,1365.0,1385.0,1320.0,1340.0,989222.7031338
2023-04-25 09:00:00,1340.0,1385.0,1305.0,1375.0,723796.21970194
2023-04-26 09:00:00,1375.0,1415.0,1285.0,1335.0,1327255.29996024
2023-04-27 09:00:00,1335.0,1380.0,1330.0,1345.0,476342.59552511
2023-04-28 09:00:00,1345.0,1350.0,1315.0,1345.0,502420.04594907
2023-04-29 09:00:00,1345.0,1380.0,1335.0,1365.0,495991.68094534
2023-04-30 09:00:00,1365.0,1365.0,1320.0,1325.0,381195.60437117
2023-05-01 09:00:00,1330.0,1335.0,1295.0,1330.0,768807.55575998
2023-05-02 09:00:00,1330.0,1330.0,1305.0,1320.0,425672.42033477
2023-05-03 09:00:00,1325.0,1345.0,1285.0,1340.0,661709.82863055
2023-05-04 09:00:00,1340.0,1360.0,1320.0,1325.0,571886.88535446
2023-05-05 09:00:00,1325.0,1340.0,1290.0,1325.0,604905.41111546
2023-05-06 09:00:00,1325.0,1330.0,1265.0,1285.0,689336.82885695
2023-05-07 09:00:00,1290.0,1290.0,1265.0,1270.0,244728.73612029
2023-05-08 09:00:00,1270.0,1275.0,1155.0,1205.0,1025970.25022565
2023-05-09 09:00:00,1205.0,1220.0,1195.0,1205.0,465887.95557166
2023-05-10 09:00:00,1210.0,1250.0,1185.0,1235.0,919645.05590537
2023-05-11 09:00:00,1235.0,1240.0,1190.0,1205.0,477551.6737776
2023-05-12 09:00:00,1205.0,1240.0,1170.0,1240.0,519510.83992903
2023-05-13 09:00:00,1240.0,1240.0,1215.0,1225.0,241414.6894562
2023-05-14 09:00:00,1235.0,1235.0,1200.0,1205.0,197384.41304953
2023-05-15 09:00:00,1210.0,1240.0,1190.0,1230.0,393556.45508048
2023-05-16 09:00:00,1230.0,1240.0,1210.0,1225.0,188403.89031141
2023-05-17 09:00:00,1225.0,1260.0,1220.0,1245.0,343600.4420051
2023-05-18 09:00:00,1250.0,1255.0,1210.0,1230.0,369217.1798539
2023-05-19 09:00:00,1230.0,1240.0,1215.0,1230.0,333251.7863498
2023-05-20 09:00:00,1225.0,1225.0,1195.0,1195.0,406557.47631652
2023-05-21 09:00:00,1200.0,1200.0,1135.0,1145.0,1221357.06786595
2023-05-22 09:00:00,1145.0,1155.0,1125.0,1150.0,728663.57937909
2023-05-23 09:00:00,1150.0,1170.0,1140.0,1160.0,488064.67540761
2023-05-24 09:00:00,1165.0,1165.0,1115.0,1135.0,523119.59369326
2023-05-25 09:00:00,1130.0,1140.0,1105.0,1130.0,442401.9526484
2023-05-26 09:00:00,1130.0,1140.0,1110.0,1125.0,229447.34153444
2023-05-27 09:00:00,1125.0,1140.0,1120.0,1135.0,150029.59325411
2023-05-28 09:00:00,1135.0,1180.0,1130.0,1165.0,354124.53349848
2023-05-29 09:00:00,1165.0,1180.0,1140.0,1150.0,493881.79555193
2023-05-30 09:00:00,1150.0,1180.0,1145.0,1160.0,550142.46442789
2023-05-31 09:00:00,1160.0,1170.0,1105.0,1110.0,834702.14212701
2023-06-01 09:00:00,1110.0,1135.0,1095.0,1110.0,737997.09056252
2023-06-02 09:00:00,1110.0,1140.0,1100.0,1115.0,323724.07765449
2023-06-03 09:00:00,1115.0,1120.0,1095.0,1110.0,494778.65052973
2023-06-04 09:00:00,1110.0,1125.0,1105.0,1110.0,323977.04066476
2023-06-05 09:00:00,1110.0,1110.0,1005.0,1040.0,1009330.21212745
2023-06-06 09:00:00,1040.0,1070.0,1015.0,1055.0,438016.54602346
2023-06-07 09:00:00,1055.0,1055.0,995.0,1005.0,804803.31109453
2023-06-08 09:00:00,1000.0,1030.0,985.0,1000.0,405527.64952093
2023-06-09 09:00:00,1005.0,1010.0,981.0,984.0,390410.38804818
2023-06-10 09:00:00,983.0,983.0,808.0,872.0,2695051.38340487
2023-06-11 09:00:00,873.0,878.0,845.0,860.0,506516.22491951
2023-06-12 09:00:00,858.0,866.0,831.0,858.0,415190.6696368
2023-06-13 09:00:00,859.0,873.0,838.0,839.0,534916.49897533
2023-06-14 09:00:00,839.0,854.0,800.0,817.0,736295.34211221
2023-06-15 09:00:00,817.0,853.0,812.0,843.0,846144.66541764
2023-06-16 09:00:00,845.0,870.0,828.0,856.0,357712.11656125
2023-06-17 09:00:00,856.0,874.0,850.0,860.0,248076.74955774
2023-06-18 09:00:00,861.0,863.0,835.0,845.0,461753.65625242
2023-06-19 09:00:00,844.0,867.0,837.0,845.0,569179.22985491
2023-06-20 09:00:00,844.0,872.0,822.0,870.0,725237.48304581
2023-06-21 09:00:00,870.0,939.0,868.0,931.0,2706418.78517397
2023-06-22 09:00:00,933.0,970.0,923.0,932.0,1282327.63854903
2023-06-23 09:00:00,932.0,1010.0,932.0,999.0,2255064.69630295
2023-06-24 09:00:00,999.0,1025.0,979.0,991.0,1145672.03723261
2023-06-25 09:00:00,991.0,1295.0,987.0,1015.0,24346870.27879332
2023-06-26 09:00:00,1020.0,1020.0,957.0,974.0,3317256.62698134
2023-06-27 09:00:00,972.0,999.0,965.0,985.0,1477745.5644993
2023-06-28 09:00:00,986.0,986.0,905.0,926.0,1370488.22199038
2023-06-29 09:00:00,926.0,955.0,915.0,934.0,777172.35312858
2023-06-30 09:00:00,932.0,984.0,890.0,975.0,2835219.15302191
2023-07-01 09:00:00,975.0,1020.0,953.0,1015.0,2262749.81235678
2023-07-02 09:00:00,1020.0,1020.0,980.0,1010.0,1417718.94118642
2023-07-03 09:00:00,1015.0,1035.0,1005.0,1020.0,1376166.56290569
2023-07-04 09:00:00,1020.0,1025.0,990.0,1015.0,874365.69256425
2023-07-05 09:00:00,1020.0,1040.0,961.0,973.0,2076457.87116888
2023-07-06 09:00:00,973.0,1020.0,947.0,947.0,1885256.1796597
2023-07-07 09:00:00,946.0,971.0,940.0,961.0,848926.27242419
2023-07-08 09:00:00,963.0,974.0,937.0,958.0,547424.4082944
2023-07-09 09:00:00,958.0,975.0,949.0,952.0,1156779.471709
2023-07-10 09:00:00,951.0,980.0,919.0,967.0,906473.12182198
2023-07-11 09:00:00,967.0,991.0,954.0,991.0,1122123.51020043
2023-07-12 09:00:00,990.0,1015.0,981.0,994.0,2109552.33689057
2023-07-13 09:00:00,993.0,1065.0,979.0,1060.0,4286788.39957709
2023-07-14 09:00:00,1060.0,1085.0,1005.0,1035.0,2741373.77228394
2023-07-15 09:00:00,1045.0,1045.0,1010.0,1030.0,1259663.16801401
2023-07-16 09:00:00,1030.0,1035.0,989.0,990.0,935065.48602583
2023-07-17 09:00:00,990.0,1015.0,976.0,1005.0,1258383.94832565
2023-07-18 09:00:00,1000.0,1010.0,962.0,974.0,1445473.67260987
2023-07-19 09:00:00,974.0,1005.0,971.0,986.0,1647037.99077769
2023-07-20 09:00:00,988.0,1045.0,985.0,1025.0,1946477.83921202
2023-07-21 09:00:00,1025.0,1085.0,1015.0,1055.0,6541548.65986203
2023-07-22 09:00:00,1055.0,1055.0,1020.0,1035.0,965899.83798759
2023-07-23 09:00:00,1035.0,1080.0,1020.0,1065.0,1379680.10698518
2023-07-24 09:00:00,1070.0,1085.0,1010.0,1015.0,2287309.75316813
2023-07-25 09:00:00,1020.0,1120.0,1010.0,1110.0,10863208.48229146
2023-07-26 09:00:00,1110.0,1115.0,1055.0,1060.0,4171997.02557169
2023-07-27 09:00:00,1060.0,1080.0,1015.0,1015.0,1841339.26692336
2023-07-28 09:00:00,1015.0,1035.0,1000.0,1030.0,2356363.46961395
2023-07-29 09:00:00,1030.0,1060.0,1025.0,1055.0,1548206.49055404
2023-07-30 09:00:00,1050.0,1065.0,1010.0,1040.0,1642328.24685522
2023-07-31 09:00:00,1040.0,1055.0,1005.0,1020.0,1100225.84764068
2023-08-01 09:00:00,1015.0,1025.0,990.0,1015.0,1879702.19169825
2023-08-02 09:00:00,1015.0,1020.0,980.0,996.0,1940288.00783265
2023-08-03 09:00:00,996.0,1015.0,994.0,1000.0,1063643.61038037
2023-08-04 09:00:00,1000.0,1020.0,996.0,1005.0,620956.30052157
2023-08-05 09:00:00,1010.0,1010.0,982.0,984.0,697644.03749057
2023-08-06 09:00:00,984.0,999.0,956.0,960.0,1444704.43226306
2023-08-07 09:00:00,960.0,985.0,928.0,949.0,2718466.59717246
2023-08-08 09:00:00,949.0,975.0,943.0,970.0,869837.1922114
2023-08-09 09:00:00,970.0,988.0,967.0,984.0,797253.51908611
2023-08-10 09:00:00,984.0,989.0,971.0,982.0,656462.7661187
2023-08-11 09:00:00,984.0,1000.0,980.0,998.0,598954.80408518
2023-08-12 09:00:00,998.0,1010.0,976.0,979.0,764113.45576084
2023-08-13 09:00:00,979.0,994.0,976.0,984.0,724690.25261335
2023-08-14 09:00:00,984.0,1010.0,981.0,998.0,1219058.73211816
2023-08-15 09:00:00,998.0,1025.0,932.0,959.0,1532552.72928579
2023-08-16 09:00:00,961.0,965.0,901.0,918.0,2202941.68870333
2023-08-17 09:00:00,920.0,935.0,828.0,850.0,1628363.5934722
2023-08-18 09:00:00,849.0,896.0,847.0,863.0,863904.12167928
2023-08-19 09:00:00,863.0,871.0,854.0,866.0,1066202.51748242
2023-08-20 09:00:00,866.0,872.0,847.0,859.0,1043875.82303298
2023-08-21 09:00:00,858.0,860.0,826.0,852.0,803829.28255523
2023-08-22 09:00:00,852.0,859.0,821.0,852.0,614314.53331333
2023-08-23 09:00:00,852.0,881.0,849.0,876.0,432261.52276456
2023-08-24 09:00:00,875.0,878.0,845.0,861.0,411199.14894991
2023-08-25 09:00:00,862.0,868.0,842.0,868.0,481813.84777102
2023-08-26 09:00:00,868.0,878.0,861.0,863.0,323670.42053849
2023-08-27 09:00:00,862.0,865.0,821.0,828.0,1354948.38236038
2023-08-28 09:00:00,831.0,844.0,802.0,837.0,2202315.82239309
2023-08-29 09:00:00,837.0,884.0,819.0,876.0,1020575.20960585
2023-08-30 09:00:00,878.0,880.0,867.0,877.0,675171.77705651
2023-08-31 09:00:00,878.0,972.0,838.0,842.0,10839018.09000793
2023-09-01 09:00:00,845.0,850.0,811.0,825.0,2125595.17631895
2023-09-02 09:00:00,824.0,838.0,816.0,826.0,1065270.53109754
2023-09-03 09:00:00,828.0,832.0,819.0,830.0,351327.8383205
2023-09-04 09:00:00,831.0,845.0,811.0,821.0,567003.28046496
2023-09-05 09:00:00,821.0,855.0,818.0,855.0,575294.98761017
2023-09-06 09:00:00,855.0,861.0,839.0,856.0,399608.78883272
2023-09-07 09:00:00,856.0,860.0,842.0,855.0,292698.73091011
2023-09-08 09:00:00,855.0,866.0,849.0,864.0,473862.71060758
2023-09-09 09:00:00,865.0,869.0,852.0,854.0,244179.15793639
2023-09-10 09:00:00,854.0,855.0,815.0,824.0,624060.75911301
2023-09-11 09:00:00,824.0,829.0,787.0,799.0,978162.92654183
2023-09-12 09:00:00,799.0,816.0,788.0,790.0,873314.48078585
2023-09-13 09:00:00,790.0,808.0,781.0,801.0,811187.90501264
2023-09-14 09:00:00,800.0,824.0,792.0,823.0,1084115.41400726
2023-09-15 09:00:00,822.0,839.0,805.0,828.0,777668.40377503
2023-09-16 09:00:00,829.0,844.0,825.0,833.0,893358.20985095
2023-09-17 09:00:00,833.0,834.0,798.0,806.0,1245749.97484394
2023-09-18 09:00:00,808.0,841.0,799.0,808.0,5359911.83585649
2023-09-19 09:00:00,808.0,828.0,800.0,819.0,814482.92705528
2023-09-20 09:00:00,820.0,828.0,792.0,804.0,1853152.317517
2023-09-21 09:00:00,804.0,814.0,786.0,801.0,1916397.81296119
2023-09-22 09:00:00,800.0,816.0,794.0,812.0,1363725.5956053
2023-09-23 09:00:00,816.0,1040.0,816.0,870.0,61144385.88474855
2023-09-24 09:00:00,870.0,870.0,834.0,844.0,6029538.58989761
2023-09-25 09:00:00,844.0,871.0,835.0,857.0,5818229.63105293
2023-09-26 09:00:00,856.0,895.0,849.0,867.0,4748897.33560703
2023-09-27 09:00:00,865.0,873.0,851.0,865.0,2322944.63745228
2023-09-28 09:00:00,865.0,881.0,862.0,879.0,1323706.23394315
2023-09-29 09:00:00,878.0,878.0,855.0,875.0,1513574.45088758
2023-09-30 09:00:00,875.0,884.0,868.0,877.0,1211001.885475
2023-10-01 09:00:00,878.0,910.0,876.0,904.0,2606257.5456496
2023-10-02 09:00:00,904.0,910.0,839.0,853.0,2457998.15659071
2023-10-03 09:00:00,854.0,866.0,850.0,851.0,1297531.04464793
2023-10-04 09:00:00,850.0,851.0,820.0,839.0,1222209.12470861
2023-10-05 09:00:00,840.0,845.0,832.0,836.0,1010738.57905353
2023-10-06 09:00:00,837.0,855.0,835.0,845.0,816819.89340801
2023-10-07 09:00:00,845.0,850.0,837.0,841.0,1059743.9395598
2023-10-08 09:00:00,840.0,841.0,827.0,837.0,1047963.10319587
2023-10-09 09:00:00,838.0,843.0,798.0,812.0,2313280.74456767
2023-10-10 09:00:00,812.0,814.0,802.0,811.0,816085.74093933
2023-10-11 09:00:00,809.0,812.0,788.0,811.0,1452789.65795752
2023-10-12 09:00:00,809.0,816.0,791.0,801.0,1069522.45574011
2023-10-13 09:00:00,801.0,808.0,796.0,802.0,1105419.20884712
2023-10-14 09:00:00,802.0,813.0,800.0,808.0,823340.3446602
2023-10-15 09:00:00,810.0,820.0,804.0,816.0,1529974.48375275
2023-10-16 09:00:00,816.0,838.0,810.0,826.0,2118704.56129019
2023-10-17 09:00:00,826.0,845.0,802.0,843.0,3116194.39893537
2023-10-18 09:00:00,843.0,844.0,798.0,803.0,2688534.60843061
2023-10-19 09:00:00,803.0,814.0,765.0,771.0,3536745.02996424
2023-10-20 09:00:00,771.0,800.0,767.0,796.0,1788050.88284385
2023-10-21 09:00:00,796.0,824.0,793.0,819.0,1284385.23150553
2023-10-22 09:00:00,818.0,834.0,805.0,833.0,1624414.27403765
2023-10-23 09:00:00,832.0,870.0,825.0,867.0,3082292.86459928
2023-10-24 09:00:00,868.0,907.0,850.0,887.0,4419725.94637595
2023-10-25 09:00:00,888.0,902.0,871.0,892.0,1762330.87720853
2023-10-26 09:00:00,892.0,907.0,855.0,880.0,2664714.39545836
2023-10-27 09:00:00,880.0,895.0,854.0,874.0,1368427.92823987
2023-10-28 09:00:00,873.0,919.0,871.0,915.0,1837317.74876417
2023-10-29 09:00:00,913.0,945.0,900.0,929.0,2375370.44061957
2023-10-30 09:00:00,931.0,945.0,915.0,940.0,1921426.05050851
2023-10-31 09:00:00,941.0,1010.0,908.0,979.0,6042172.56266359
2023-11-01 09:00:00,980.0,1260.0,980.0,1035.0,50229105.99988785
2023-11-02 09:00:00,1035.0,1055.0,1000.0,1050.0,7847807.4853258
2023-11-03 09:00:00,1045.0,1050.0,991.0,1015.0,3381544.74041524
2023-11-04 09:00:00,1010.0,1045.0,1005.0,1040.0,2906430.03703576
2023-11-05 09:00:00,1045.0,1080.0,1025.0,1070.0,5932807.55177419
2023-11-06 09:00:00,1065.0,1105.0,1045.0,1095.0,4428961.17673833
2023-11-07 09:00:00,1095.0,1115.0,1065.0,1110.0,3197030.37583447
2023-11-08 09:00:00,1110.0,1190.0,1085.0,1175.0,3088443.52648215
2023-11-09 09:00:00,1175.0,1255.0,1155.0,1250.0,8357470.71723422
2023-11-10 09:00:00,1255.0,1395.0,1230.0,1380.0,8788773.82624737
2023-11-11 09:00:00,1380.0,1790.0,1330.0,1375.0,26479261.08459878
2023-11-12 09:00:00,1375.0,1395.0,1310.0,1320.0,4365009.76710465
2023-11-13 09:00:00,1325.0,1340.0,1230.0,1240.0,3540152.02076712
2023-11-14 09:00:00,1240.0,1265.0,1185.0,1250.0,4480488.83702889
2023-11-15 09:00:00,1240.0,1305.0,1195.0,1285.0,2442313.94661175
2023-11-16 09:00:00,1285.0,1300.0,1245.0,1270.0,2665140.88583388
2023-11-17 09:00:00,1270.0,1345.0,1220.0,1265.0,4102010.28152561
2023-11-18 09:00:00,1260.0,1260.0,1170.0,1245.0,1909080.35501915
2023-11-19 09:00:00,1250.0,1315.0,1220.0,1295.0,3843123.26048935
2023-11-20 09:00:00,1295.0,1300.0,1255.0,1290.0,2509055.5834185
2023-11-21 09:00:00,1290.0,1310.0,1155.0,1160.0,2824359.94121702
2023-11-22 09:00:00,1160.0,1280.0,1160.0,1280.0,2325995.23174604
2023-11-23 09:00:00,1275.0,1285.0,1235.0,1260.0,1668349.62163688
2023-11-24 09:00:00,1265.0,1360.0,1260.0,1330.0,6904938.35505527
2023-11-25 09:00:00,1330.0,1405.0,1305.0,1365.0,5741740.5699465
2023-11-26 09:00:00,1370.0,1375.0,1295.0,1315.0,2983102.72813124
2023-11-27 09:00:00,1320.0,1345.0,1260.0,1290.0,4092621.907226
2023-11-28 09:00:00,1285.0,1295.0,1225.0,1275.0,1883846.53008186
2023-11-29 09:00:00,1280.0,1315.0,1265.0,1295.0,4385204.11251986
2023-11-30 09:00:00,1290.0,1475.0,1290.0,1350.0,30522515.54855495
2023-12-01 09:00:00,1350.0,1400.0,1315.0,1340.0,7372882.29950489
2023-12-02 09:00:00,1335.0,1500.0,1330.0,1455.0,10669948.62417148
2023-12-03 09:00:00,1455.0,1460.0,1400.0,1460.0,2862436.28894533
2023-12-04 09:00:00,1455.0,1510.0,1400.0,1510.0,4938829.53568824
2023-12-05 09:00:00,1510.0,1590.0,1495.0,1515.0,6412468.36724653
2023-12-06 09:00:00,1515.0,1660.0,1435.0,1450.0,10214254.86051753
2023-12-07 09:00:00,1450.0,1480.0,1390.0,1460.0,2827797.01761567
2023-12-08 09:00:00,1460.0,1590.0,1450.0,1590.0,3493166.36692298
2023-12-09 09:00:00,1585.0,1695.0,1555.0,1600.0,8643257.17783422
2023-12-10 09:00:00,1600.0,1640.0,1525.0,1560.0,3885523.8123631
2023-12-11 09:00:00,1560.0,1560.0,1365.0,1435.0,4207481.33986056
2023-12-12 09:00:00,1440.0,1485.0,1425.0,1465.0,2423624.04090275
2023-12-13 09:00:00,1475.0,1540.0,1390.0,1535.0,2827923.4349644
2023-12-14 09:00:00,1535.0,1610.0,1455.0,1525.0,5362526.97395084
2023-12-15 09:00:00,1525.0,1525.0,1440.0,1445.0,1723301.48785685
2023-12-16 09:00:00,1445.0,1530.0,1415.0,1490.0,1677000.51335971
2023-12-17 09:00:00,1495.0,1515.0,1430.0,1440.0,1131458.02942605
2023-12-18 09:00:00,1435.0,1445.0,1295.0,1395.0,4090824.80272828
2023-12-19 09:00:00,1400.0,1410.0,1370.0,1395.0,1997942.49253419
2023-12-20 09:00:00,1395.0,1490.0,1370.0,1475.0,2213131.11843844
2023-12-21 09:00:00,1475.0,1595.0,1450.0,1575.0,6710696.25388828
2023-12-22 09:00:00,1580.0,1645.0,1535.0,1575.0,5980293.47838943
2023-12-23 09:00:00,1570.0,1660.0,1510.0,1555.0,7123271.29990404
2023-12-24 09:00:00,1550.0,1755.0,1540.0,1710.0,10803967.69426469
2023-12-25 09:00:00,1710.0,1895.0,1655.0,1880.0,7417786.30307731
2023-12-26 09:00:00,1875.0,1900.0,1630.0,1890.0,5701659.64745904
2023-12-27 09:00:00,1885.0,1965.0,1730.0,1800.0,7322430.25339257
2023-12-28 09:00:00,1795.0,1895.0,1700.0,1785.0,2922557.62533389
2023-12-29 09:00:00,1785.0,1785.0,1680.0,1710.0,3134333.3132148
2023-12-30 09:00:00,1710.0,1835.0,1680.0,1680.0,3273452.73301495
2023-12-31 09:00:00,1685.0,1745.0,1660.0,1690.0,1331085.65279111
2024-01-01 09:00:00,1685.0,1785.0,1670.0,1785.0,1553659.35922972
2024-01-02 09:00:00,1785.0,1935.0,1765.0,1830.0,3953357.72823971
2024-01-03 09:00:00,1830.0,1925.0,1435.0,1630.0,13915243.05410034
2024-01-04 09:00:00,1630.0,1655.0,1545.0,1635.0,2345918.08701749
2024-01-05 09:00:00,1635.0,1675.0,1490.0,1555.0,2629801.00886532
2024-01-06 09:00:00,1555.0,1555.0,1440.0,1495.0,1460241.59678334
2024-01-07 09:00:00,1500.0,1525.0,1385.0,1405.0,1755988.67008106
2024-01-08 09:00:00,1405.0,1485.0,1315.0,1475.0,3685599.93496974
2024-01-09 09:00:00,1470.0,1500.0,1310.0,1365.0,2575550.28618356
2024-01-10 09:00:00,1365.0,1530.0,1335.0,1480.0,3157238.22727878
2024-01-11 09:00:00,1480.0,1655.0,1465.0,1560.0,6941241.11388131
2024-01-12 09:00:00,1560.0,1600.0,1405.0,1450.0,3877591.68728981
2024-01-13 09:00:00,1455.0,1475.0,1380.0,1460.0,1196656.99835401
2024-01-14 09:00:00,1460.0,1465.0,1390.0,1395.0,1165776.43442957
2024-01-15 09:00:00,1395.0,1450.0,1390.0,1425.0,1097029.70264869
2024-01-16 09:00:00,1430.0,1530.0,1415.0,1485.0,2326662.50609924
2024-01-17 09:00:00,1485.0,1495.0,1445.0,1455.0,2665235.38454872
2024-01-18 09:00:00,1455.0,1485.0,1355.0,1365.0,2968040.75803256
2024-01-19 09:00:00,1365.0,1395.0,1300.0,1395.0,1568989.50449971
2024-01-20 09:00:00,1395.0,1430.0,1375.0,1415.0,756948.76381525
2024-01-21 09:00:00,1415.0,1445.0,1395.0,1395.0,514527.02249734
2024-01-22 09:00:00,1395.0,1405.0,1295.0,1310.0,1065553.92166983
2024-01-23 09:00:00,1310.0,1330.0,1220.0,1305.0,2320031.15359822
2024-01-24 09:00:00,1300.0,1360.0,1280.0,1335.0,907669.14536966
2024-01-25 09:00:00,1335.0,1335.0,1290.0,1295.0,634835.83727639
2024-01-26 09:00:00,1295.0,1360.0,1280.0,1350.0,886356.33209209
2024-01-27 09:00:00,1355.0,1405.0,1350.0,1390.0,740224.87292204
2024-01-28 09:00:00,1390.0,1414.0,1360.0,1399.0,951676.30436291
2024-01-29 09:00:00,1399.0,1459.0,1353.0,1415.0,4990354.43886343
2024-01-30 09:00:00,1413.0,1432.0,1375.0,1383.0,1720335.10948826
2024-01-31 09:00:00,1384.0,1389.0,1320.0,1341.0,1349666.9672382
2024-02-01 09:00:00,1344.0,1362.0,1315.0,1344.0,1026518.1031746
2024-02-02 09:00:00,1343.0,1376.0,1338.0,1375.0,517907.46338366
2024-02-03 09:00:00,1375.0,1390.0,1362.0,1362.0,413297.37692032
2024-02-04 09:00:00,1362.0,1363.0,1315.0,1315.0,438480.60859517
2024-02-05 09:00:00,1315.0,1335.0,1285.0,1329.0,870205.48596402
2024-02-06 09:00:00,1329.0,1390.0,1286.0,1298.0,2238488.30611979
2024-02-07 09:00:00,1298.0,1353.0,1288.0,1349.0,703795.52662938
2024-02-08 09:00:00,1349.0,1378.0,1344.0,1361.0,606982.3695822
2024-02-09 09:00:00,1361.0,1449.0,1360.0,1398.0,3724107.18054499
2024-02-10 09:00:00,1397.0,1416.0,1365.0,1386.0,830893.70639592
2024-02-11 09:00:00,1386.0,1413.0,1371.0,1378.0,786135.16530208
2024-02-12 09:00:00,1375.0,1453.0,1364.0,1445.0,1123273.94604278
2024-02-13 09:00:00,1444.0,1466.0,1425.0,1452.0,1677514.97452258
2024-02-14 09:00:00,1453.0,1504.0,1437.0,1473.0,1588285.85669163
2024-02-15 09:00:00,1476.0,1566.0,1475.0,1526.0,3109452.79322667
2024-02-16 09:00:00,1527.0,1581.0,1512.0,1553.0,1396602.884548
2024-02-17 09:00:00,1556.0,1639.0,1513.0,1627.0,2367595.22309639
2024-02-18 09:00:00,1633.0,1649.0,1584.0,1600.0,1432645.51357865
2024-02-19 09:00:00,1600.0,1850.0,1600.0,1762.0,9836980.97115636
2024-02-20 09:00:00,1762.0,1777.0,1583.0,1661.0,4967017.82466653
2024-02-21 09:00:00,1661.0,1680.0,1580.0,1639.0,3064597.20003439
2024-02-22 09:00:00,1639.0,1723.0,1606.0,1698.0,3017989.69265852
2024-02-23 09:00:00,1697.0,1745.0,1640.0,1671.0,3033521.3447364
2024-02-24 09:00:00,1674.0,1975.0,1630.0,1831.0,31643905.5455005
2024-02-25 09:00:00,1831.0,1935.0,1747.0,1927.0,7434918.85694235
2024-02-26 09:00:00,1927.0,2499.0,1877.0,2490.0,53003191.75056803
2024-02-27 09:00:00,2490.0,3130.0,2410.0,2557.0,118531161.30819516
2024-02-28 09:00:00,2560.0,3026.0,2514.0,2736.0,93533506.77283488
2024-02-29 09:00:00,2739.0,2777.0,2535.0,2588.0,18502570.06368238
2024-03-01 09:00:00,2588.0,2877.0,2580.0,2862.0,15536434.65036178
2024-03-02 09:00:00,2867.0,3069.0,2665.0,2999.0,10674129.52484399
2024-03-03 09:00:00,2998.0,3572.0,2869.0,3334.0,40380908.05992187
2024-03-04 09:00:00,3333.0,3510.0,3110.0,3298.0,7762921.11485864
2024-03-05 09:00:00,3295.0,4750.0,3288.0,3970.0,85291941.40794
2024-03-06 09:00:00,3970.0,4520.0,3670.0,4090.0,17275440.91037763
2024-03-07 09:00:00,4090.0,4356.0,3975.0,4158.0,6737808.83261242
2024-03-08 09:00:00,4158.0,4721.0,4126.0,4312.0,19881129.75403801
2024-03-09 09:00:00,4317.0,4700.0,4192.0,4450.0,8707186.37382199
2024-03-10 09:00:00,4451.0,4764.0,4103.0,4564.0,8592726.3309458
2024-03-11 09:00:00,4564.0,5415.0,4305.0,4815.0,25054915.87231189
2024-03-12 09:00:00,4827.0,4959.0,4705.0,4860.0,6001435.2488234
2024-03-13 09:00:00,4860.0,4903.0,4657.0,4799.0,3409429.35515668
2024-03-14 09:00:00,4799.0,5125.0,4500.0,4834.0,6705928.84225325
2024-03-15 09:00:00,4829.0,4835.0,4145.0,4530.0,5903787.95611857
2024-03-16 09:00:00,4517.0,4561.0,3955.0,4066.0,2960211.42749435
2024-03-17 09:00:00,4066.0,4649.0,3850.0,4587.0,8592813.97420926
2024-03-18 09:00:00,4587.0,4899.0,4360.0,4389.0,8426569.71662233
2024-03-19 09:00:00,4390.0,4439.0,3768.0,3833.0,7803052.10246531
2024-03-20 09:00:00,3833.0,4475.0,3551.0,4474.0,6742874.7923549
2024-03-21 09:00:00,4475.0,4479.0,4036.0,4156.0,3580571.96763354
2024-03-22 09:00:00,4156.0,4371.0,3970.0,4126.0,3253807.77045401
2024-03-23 09:00:00,4135.0,4225.0,4030.0,4050.0,2214553.78458204
2024-03-24 09:00:00,4051.0,4265.0,3930.0,4200.0,1573480.7772078
2024-03-25 09:00:00,4196.0,4479.0,4110.0,4395.0,2782862.35485318
2024-03-26 09:00:00,4395.0,4600.0,4365.0,4386.0,3622194.64488381
2024-03-27 09:00:00,4385.0,4448.0,4185.0,4287.0,3058191.91717226
2024-03-28 09:00:00,4288.0,4317.0,4141.0,4202.0,1420517.32600712
2024-03-29 09:00:00,4202.0,4355.0,4108.0,4179.0,1791764.74023324
2024-03-30 09:00:00,4179.0,4179.0,4002.0,4040.0,1437696.38673314
2024-03-31 09:00:00,4040.0,4395.0,4003.0,4371.0,2377162.07932297
2024-04-01 09:00:00,4370.0,4448.0,3962.0,4115.0,4483949.46553466
2024-04-02 09:00:00,4123.0,4123.0,3715.0,3785.0,1781813.40002452
2024-04-03 09:00:00,3793.0,3837.0,3609.0,3671.0,1155971.17045684
2024-04-04 09:00:00,3676.0,3815.0,3606.0,3730.0,1106039.49342933
2024-04-05 09:00:00,3730.0,3810.0,3592.0,3754.0,1968126.0396064
2024-04-06 09:00:00,3755.0,4146.0,3741.0,3815.0,11408248.71915171
2024-04-07 09:00:00,3814.0,3868.0,3775.0,3838.0,1430481.7771982
2024-04-08 09:00:00,3838.0,4160.0,3758.0,4130.0,3490313.89067437
2024-04-09 09:00:00,4143.0,4497.0,4014.0,4118.0,16432058.53460823
2024-04-10 09:00:00,4118.0,4430.0,3800.0,4329.0,4621385.93677232
2024-04-11 09:00:00,4329.0,4435.0,4109.0,4165.0,4792459.80097095
2024-04-12 09:00:00,4165.0,4400.0,3505.0,3610.0,4669462.96381632
2024-04-13 09:00:00,3612.0,3625.0,2663.0,3028.0,4132569.48413546
2024-04-14 09:00:00,3026.0,3315.0,2854.0,3274.0,2803176.44498774
2024-04-15 09:00:00,3270.0,3405.0,2975.0,3078.0,3065823.03499464
2024-04-16 09:00:00,3075.0,3111.0,2887.0,3055.0,1114123.32120559
2024-04-17 09:00:00,3055.0,3075.0,2861.0,2965.0,1064630.76185516
2024-04-18 09:00:00,2967.0,3095.0,2864.0,3063.0,1782465.84061007
2024-04-19 09:00:00,3060.0,3085.0,2791.0,3015.0,1713554.28913393
2024-04-20 09:00:00,3016.0,3400.0,2971.0,3389.0,1584139.59353758
2024-04-21 09:00:00,3389.0,3460.0,3221.0,3283.0,2093275.0996769
2024-04-22 09:00:00,3288.0,3448.0,3240.0,3419.0,2989148.95432264
2024-04-23 09:00:00,3419.0,3617.0,3370.0,3456.0,7334014.12538544
2024-04-24 09:00:00,3456.0,3758.0,3310.0,3378.0,7405639.09248999
2024-04-25 09:00:00,3378.0,3608.0,3263.0,3555.0,5515072.30192535
2024-04-26 09:00:00,3563.0,3600.0,3374.0,3422.0,2732246.38828219
2024-04-27 09:00:00,3426.0,3445.0,3190.0,3383.0,1320820.39727608
2024-04-28 09:00:00,3376.0,3436.0,3220.0,3238.0,1042215.8091123
2024-04-29 09:00:00,3238.0,4218.0,3037.0,3122.0,22358400.22599693
2024-04-30 09:00:00,3128.0,3227.0,2797.0,2891.0,6731383.88053639
2024-05-01 09:00:00,2890.0,2930.0,2646.0,2912.0,3251397.51755137
2024-05-02 09:00:00,2913.0,2934.0,2776.0,2874.0,1429843.58980679
2024-05-03 09:00:00,2873.0,3131.0,2842.0,3099.0,1866373.81308156
2024-05-04 09:00:00,3099.0,3161.0,3000.0,3077.0,1390233.9199575
2024-05-05 09:00:00,3077.0,3197.0,2976.0,3162.0,1568607.09574064
2024-05-06 09:00:00,3162.0,3309.0,3120.0,3144.0,2126341.51870015
2024-05-07 09:00:00,3144.0,3213.0,2995.0,2996.0,1653837.15540728
2024-05-08 09:00:00,3004.0,3134.0,2940.0,3010.0,1276751.06368383
2024-05-09 09:00:00,3015.0,3112.0,2932.0,3091.0,671955.41621125
2024-05-10 09:00:00,3093.0,3246.0,2916.0,2932.0,1935935.31120902
2024-05-11 09:00:00,2938.0,2958.0,2815.0,2831.0,841854.14541306
2024-05-12 09:00:00,2831.0,2857.0,2790.0,2812.0,395274.38670447
2024-05-13 09:00:00,2814.0,2875.0,2681.0,2786.0,1120727.01076861
2024-05-14 09:00:00,2787.0,2810.0,2681.0,2705.0,784014.10953104
2024-05-15 09:00:00,2706.0,2928.0,2685.0,2904.0,967783.52996071
2024-05-16 09:00:00,2904.0,3074.0,2902.0,3057.0,2594717.93565989
2024-05-17 09:00:00,3057.0,3128.0,2980.0,3075.0,1091689.64558893
2024-05-18 09:00:00,3075.0,3115.0,3036.0,3062.0,608587.36610663
2024-05-19 09:00:00,3062.0,3104.0,2951.0,2990.0,645042.19737557
2024-05-20 09:00:00,2989.0,3410.0,2951.0,3392.0,3958366.15032585
2024-05-21 09:00:00,3392.0,3527.0,3319.0,3435.0,1808915.12358126
2024-05-22 09:00:00,3432.0,3512.0,3301.0,3400.0,1224359.14528926
2024-05-23 09:00:00,3401.0,3429.0,3083.0,3260.0,1319216.84305721
2024-05-24 09:00:00,3257.0,3282.0,3140.0,3229.0,578627.7782004
2024-05-25 09:00:00,3228.0,3307.0,3220.0,3294.0,394568.28630712
2024-05-26 09:00:00,3294.0,3314.0,3165.0,3181.0,474865.56944915
2024-05-27 09:00:00,3187.0,3307.0,3127.0,3254.0,773862.50225645
2024-05-28 09:00:00,3250.0,3251.0,3115.0,3145.0,690233.24218204
2024-05-29 09:00:00,3146.0,3256.0,3081.0,3084.0,764973.45588749
2024-05-30 09:00:00,3081.0,3182.0,3041.0,3054.0,909394.53614001
2024-05-31 09:00:00,3053.0,3062.0,2955.0,2981.0,644890.13109652
2024-06-01 09:00:00,2982.0,2999.0,2915.0,2935.0,460792.8340989
2024-06-02 09:00:00,2939.0,3002.0,2890.0,2898.0,737242.2049868
2024-06-03 09:00:00,2898.0,3030.0,2872.0,2953.0,1035066.28541704
2024-06-04 09:00:00,2955.0,2975.0,2865.0,2971.0,485921.71872768
2024-06-05 09:00:00,2974.0,3130.0,2971.0,3102.0,806509.7661581
2024-06-06 09:00:00,3101.0,3221.0,3028.0,3051.0,704922.13957448
2024-06-07 09:00:00,3053.0,3103.0,2700.0,2822.0,1621250.7937345
2024-06-08 09:00:00,2822.0,2864.0,2679.0,2725.0,791663.95902
2024-06-09 09:00:00,2725.0,2817.0,2723.0,2784.0,319156.01756217
2024-06-10 09:00:00,2788.0,2788.0,2650.0,2671.0,642413.60243283
2024-06-11 09:00:00,2677.0,2692.0,2500.0,2555.0,773991.00643661
2024-06-12 09:00:00,2556.0,2772.0,2478.0,2695.0,1134435.65121681
2024-06-13 09:00:00,2697.0,2709.0,2479.0,2481.0,733222.34868089
2024-06-14 09:00:00,2481.0,2514.0,2300.0,2364.0,955488.81792422
2024-06-15 09:00:00,2365.0,2424.0,2338.0,2379.0,372859.36375777
2024-06-16 09:00:00,2386.0,2437.0,2353.0,2388.0,591226.01357224
2024-06-17 09:00:00,2388.0,2396.0,2080.0,2170.0,1188597.64984811
2024-06-18 09:00:00,2172.0,2178.0,1893.0,1986.0,1596354.75468052
2024-06-19 09:00:00,1985.0,2124.0,1952.0,2078.0,722590.91367131
2024-06-20 09:00:00,2073.0,2258.0,2061.0,2156.0,904195.07908067
2024-06-21 09:00:00,2160.0,2190.0,2085.0,2119.0,513861.4532706
2024-06-22 09:00:00,2126.0,2207.0,2084.0,2193.0,291688.16087206
2024-06-23 09:00:00,2197.0,2244.0,2110.0,2122.0,606758.18142475
2024-06-24 09:00:00,2120.0,2182.0,2025.0,2154.0,737289.3772586
2024-06-25 09:00:00,2152.0,2323.0,2133.0,2278.0,801661.22890436
2024-06-26 09:00:00,2278.0,2346.0,2201.0,2242.0,468373.03511345
2024-06-27 09:00:00,2242.0,2319.0,2178.0,2226.0,682308.24002577
2024-06-28 09:00:00,2220.0,2240.0,2123.0,2126.0,634133.89947211
2024-06-29 09:00:00,2133.0,2156.0,2094.0,2106.0,165600.78456727
2024-06-30 09:00:00,2106.0,2215.0,2075.0,2188.0,424010.19971006
2024-07-01 09:00:00,2188.0,2258.0,2175.0,2230.0,402209.99959722
2024-07-02 09:00:00,2229.0,2286.0,2155.0,2194.0,455658.40882199
2024-07-03 09:00:00,2196.0,2214.0,2044.0,2051.0,657749.38042137
2024-07-04 09:00:00,2055.0,2063.0,1840.0,1855.0,994028.18366142
2024-07-05 09:00:00,1856.0,1857.0,1642.0,1828.0,1902937.88441997
2024-07-06 09:00:00,1821.0,1955.0,1790.0,1932.0,870772.15813385
2024-07-07 09:00:00,1934.0,1936.0,1771.0,1787.0,534496.9668667
2024-07-08 09:00:00,1787.0,1923.0,1701.0,1810.0,989825.37468529
2024-07-09 09:00:00,1810.0,1908.0,1793.0,1896.0,641390.68096003
2024-07-10 09:00:00,1891.0,1998.0,1876.0,1943.0,1118050.26682524
2024-07-11 09:00:00,1943.0,2045.0,1885.0,1895.0,1071682.86738975
2024-07-12 09:00:00,1893.0,1982.0,1868.0,1966.0,796360.7583766
2024-07-13 09:00:00,1968.0,2013.0,1947.0,1981.0,473463.95275078
2024-07-14 09:00:00,1987.0,2054.0,1970.0,2049.0,817070.17496033
2024-07-15 09:00:00,2050.0,2179.0,2031.0,2173.0,1016408.33275305
2024-07-16 09:00:00,2176.0,2210.0,2049.0,2125.0,1025749.29665347
2024-07-17 09:00:00,2127.0,2197.0,2070.0,2074.0,1137237.34895258
2024-07-18 09:00:00,2074.0,2140.0,2020.0,2090.0,937307.11078062
2024-07-19 09:00:00,2090.0,2245.0,2041.0,2200.0,1145554.19857171
2024-07-20 09:00:00,2203.0,2311.0,2191.0,2295.0,626215.64356417
2024-07-21 09:00:00,2296.0,2340.0,2178.0,2289.0,773965.28646449
2024-07-22 09:00:00,2296.0,2309.0,2138.0,2146.0,825138.68796364
2024-07-23 09:00:00,2146.0,2186.0,2006.0,2026.0,909095.86649361
2024-07-24 09:00:00,2029.0,2144.0,2007.0,2041.0,825486.29708752
2024-07-25 09:00:00,2042.0,2054.0,1888.0,1972.0,907538.85041112
2024-07-26 09:00:00,1966.0,2111.0,1966.0,2104.0,478697.56913141
2024-07-27 09:00:00,2104.0,2188.0,2067.0,2100.0,427782.06650322
2024-07-28 09:00:00,2098.0,2111.0,2010.0,2025.0,399840.09590581
2024-07-29 09:00:00,2028.0,2165.0,2020.0,2060.0,1326537.5488152
2024-07-30 09:00:00,2059.0,2150.0,1933.0,1960.0,1356380.23769621
2024-07-31 09:00:00,1959.0,2020.0,1900.0,1910.0,706547.95153916
2024-08-01 09:00:00,1910.0,1949.0,1759.0,1899.0,1707830.47214346
2024-08-02 09:00:00,1895.0,1918.0,1745.0,1757.0,713044.45215133
2024-08-03 09:00:00,1757.0,1774.0,1658.0,1712.0,736073.4893944
2024-08-04 09:00:00,1706.0,1738.0,1549.0,1600.0,1005630.44809714
2024-08-05 09:00:00,1607.0,1623.0,1297.0,1528.0,4012360.38639185
2024-08-06 09:00:00,1526.0,1674.0,1521.0,1574.0,913027.55837818
2024-08-07 09:00:00,1577.0,1630.0,1492.0,1507.0,1079823.04041494
2024-08-08 09:00:00,1511.0,1713.0,1484.0,1703.0,985281.50611561
2024-08-09 09:00:00,1703.0,1712.0,1614.0,1660.0,876287.63353762
2024-08-10 09:00:00,1658.0,1706.0,1644.0,1672.0,1360967.83650394
2024-08-11 09:00:00,1671.0,1718.0,1553.0,1562.0,1067081.96520221
2024-08-12 09:00:00,1565.0,1686.0,1546.0,1673.0,1121284.36094597
2024-08-13 09:00:00,1673.0,1720.0,1607.0,1687.0,828669.46860123
2024-08-14 09:00:00,1687.0,1710.0,1615.0,1637.0,655623.74157898
2024-08-15 09:00:00,1635.0,1729.0,1595.0,1631.0,2630285.97253684
2024-08-16 09:00:00,1631.0,1680.0,1560.0,1593.0,903706.12792485
2024-08-17 09:00:00,1593.0,1613.0,1579.0,1588.0,302996.30073577
2024-08-18 09:00:00,1590.0,1622.0,1570.0,1571.0,379380.17812795
2024-08-19 09:00:00,1571.0,1598.0,1532.0,1597.0,638305.80068341
2024-08-20 09:00:00,1594.0,1630.0,1564.0,1617.0,710694.1260626
2024-08-21 09:00:00,1612.0,1710.0,1591.0,1677.0,513922.52541166
2024-08-22 09:00:00,1678.0,1812.0,1663.0,1790.0,1768962.24527825
2024-08-23 09:00:00,1794.0,1898.0,1774.0,1882.0,749130.07786329
2024-08-24 09:00:00,1881.0,1949.0,1853.0,1895.0,742791.71992437
2024-08-25 09:00:00,1892.0,1896.0,1797.0,1838.0,434994.71664138
2024-08-26 09:00:00,1840.0,1895.0,1774.0,1781.0,882618.36427038
2024-08-27 09:00:00,1781.0,1861.0,1681.0,1699.0,1017125.77306617
2024-08-28 09:00:00,1696.0,1767.0,1653.0,1693.0,863940.99902327
2024-08-29 09:00:00,1697.0,1785.0,1632.0,1670.0,780866.00243319
2024-08-30 09:00:00,1666.0,1692.0,1595.0,1660.0,830579.04136334
2024-08-31 09:00:00,1660.0,1677.0,1610.0,1632.0,324754.14125347
2024-09-01 09:00:00,1632.0,1640.0,1562.0,1569.0,428633.19356086
2024-09-02 09:00:00,1569.0,1633.0,1562.0,1611.0,410367.03483683
2024-09-03 09:00:00,1610.0,1640.0,1539.0,1539.0,323703.84445828
2024-09-04 09:00:00,1540.0,1586.0,1472.0,1554.0,496559.94988602
2024-09-05 09:00:00,1552.0,1567.0,1490.0,1505.0,373773.97070151
2024-09-06 09:00:00,1504.0,1550.0,1441.0,1490.0,341218.9301696
2024-09-07 09:00:00,1492.0,1583.0,1490.0,1531.0,527887.09528982
2024-09-08 09:00:00,1529.0,1599.0,1516.0,1579.0,207818.7842197
2024-09-09 09:00:00,1579.0,1643.0,1560.0,1613.0,226361.1510463
2024-09-10 09:00:00,1608.0,1656.0,1600.0,1636.0,208125.20713714
2024-09-11 09:00:00,1636.0,1637.0,1563.0,1598.0,366160.0592814
2024-09-12 09:00:00,1602.0,1642.0,1591.0,1611.0,259996.96314652
2024-09-13 09:00:00,1611.0,1740.0,1599.0,1735.0,2162049.07438628
2024-09-14 09:00:00,1735.0,1791.0,1715.0,1733.0,1508196.92048392
2024-09-15 09:00:00,1738.0,1809.0,1731.0,1749.0,583184.37426189
2024-09-16 09:00:00,1745.0,1834.0,1723.0,1760.0,752022.94296425
2024-09-17 09:00:00,1764.0,1798.0,1710.0,1743.0,467099.78399781
2024-09-18 09:00:00,1743.0,1875.0,1690.0,1866.0,788550.15457943
2024-09-19 09:00:00,1868.0,1909.0,1822.0,1864.0,747420.80556503
2024-09-20 09:00:00,1873.0,1932.0,1827.0,1893.0,1341610.54955606
2024-09-21 09:00:00,1895.0,1955.0,1865.0,1919.0,1941442.44604114
2024-09-22 09:00:00,1919.0,1919.0,1812.0,1869.0,898494.0863307
2024-09-23 09:00:00,1869.0,1935.0,1803.0,1858.0,2767194.51694571
2024-09-24 09:00:00,1858.0,1881.0,1803.0,1857.0,799845.26326187
2024-09-25 09:00:00,1864.0,1905.0,1824.0,1856.0,1042110.43079722
2024-09-26 09:00:00,1856.0,2046.0,1848.0,2008.0,3566057.80602854
2024-09-27 09:00:00,2011.0,2035.0,1971.0,2008.0,1029937.77471807
2024-09-28 09:00:00,2008.0,2046.0,1905.0,1922.0,1133829.41774867
2024-09-29 09:00:00,1922.0,1988.0,1885.0,1932.0,585945.04100651
2024-09-30 09:00:00,1932.0,1963.0,1827.0,1847.0,764376.34603247
2024-10-01 09:00:00,1847.0,1947.0,1736.0,1748.0,1039125.61204244
2024-10-02 09:00:00,1751.0,1787.0,1630.0,1651.0,548955.81511007
2024-10-03 09:00:00,1659.0,1709.0,1610.0,1670.0,665089.37303835
2024-10-04 09:00:00,1670.0,1742.0,1658.0,1729.0,439028.26944393
2024-10-05 09:00:00,1733.0,1779.0,1715.0,1738.0,421236.55112179
2024-10-06 09:00:00,1738.0,1814.0,1717.0,1794.0,371818.3520873
2024-10-07 09:00:00,1796.0,1843.0,1749.0,1755.0,713376.87335012
2024-10-08 09:00:00,1759.0,1780.0,1722.0,1740.0,472624.62683486
2024-10-09 09:00:00,1746.0,1765.0,1656.0,1664.0,472044.06971049
2024-10-10 09:00:00,1671.0,1678.0,1592.0,1633.0,656981.67010001
2024-10-11 09:00:00,1640.0,1763.0,1620.0,1742.0,696816.43338476
2024-10-12 09:00:00,1738.0,1786.0,1719.0,1750.0,318775.20678118
2024-10-13 09:00:00,1749.0,1753.0,1673.0,1730.0,579513.21258035
2024-10-14 09:00:00,1735.0,1824.0,1710.0,1815.0,737490.51328303
2024-10-15 09:00:00,1818.0,1850.0,1757.0,1794.0,647912.5913714
2024-10-16 09:00:00,1797.0,1815.0,1733.0,1763.0,489059.96256204
2024-10-17 09:00:00,1768.0,1775.0,1675.0,1693.0,708927.04699487
2024-10-18 09:00:00,1693.0,1774.0,1686.0,1774.0,476432.49790227
2024-10-19 09:00:00,1772.0,1799.0,1747.0,1774.0,413830.70258527
2024-10-20 09:00:00,1774.0,1863.0,1745.0,1863.0,590474.01973799
2024-10-21 09:00:00,1858.0,1905.0,1809.0,1812.0,1242145.94650277
2024-10-22 09:00:00,1812.0,1834.0,1762.0,1780.0,661641.71254568
2024-10-23 09:00:00,1791.0,1793.0,1680.0,1726.0,547044.28287281
2024-10-24 09:00:00,1732.0,1787.0,1721.0,1735.0,719071.15225508
2024-10-25 09:00:00,1739.0,1747.0,1537.0,1607.0,948283.82140613
2024-10-26 09:00:00,1600.0,1623.0,1565.0,1610.0,682754.51543849
2024-10-27 09:00:00,1614.0,1645.0,1589.0,1635.0,233765.9088874
2024-10-28 09:00:00,1634.0,1667.0,1580.0,1652.0,368902.91513136
2024-10-29 09:00:00,1657.0,1720.0,1653.0,1698.0,607448.65384825
2024-10-30 09:00:00,1703.0,1703.0,1640.0,1660.0,556064.94331578
2024-10-31 09:00:00,1660.0,1662.0,1560.0,1570.0,640309.9841976
2024-11-01 09:00:00,1576.0,1611.0,1530.0,1561.0,585035.2653144
2024-11-02 09:00:00,1561.0,1578.0,1521.0,1543.0,249893.96887174
2024-11-03 09:00:00,1544.0,1552.0,1415.0,1469.0,646274.29061394
2024-11-04 09:00:00,1466.0,1503.0,1394.0,1415.0,498692.97584014
2024-11-05 09:00:00,1416.0,1547.0,1416.0,1513.0,402604.50655777
2024-11-06 09:00:00,1516.0,1686.0,1514.0,1673.0,1222840.55362135
2024-11-07 09:00:00,1674.0,1718.0,1628.0,1663.0,770413.98590898
2024-11-08 09:00:00,1667.0,1760.0,1620.0,1707.0,1093958.92263993
2024-11-09 09:00:00,1703.0,1984.0,1673.0,1815.0,5775515.77055089
2024-11-10 09:00:00,1810.0,1972.0,1763.0,1922.0,3768818.35082055
2024-11-11 09:00:00,1929.0,2379.0,1914.0,2181.0,16020791.37689273
2024-11-12 09:00:00,2181.0,2290.0,1970.0,2054.0,4942176.30670042
2024-11-13 09:00:00,2055.0,2099.0,1870.0,1992.0,3135050.11279588
2024-11-14 09:00:00,1992.0,2024.0,1796.0,1838.0,1682814.45362824
2024-11-15 09:00:00,1835.0,1940.0,1789.0,1929.0,1958497.28098955
2024-11-16 09:00:00,1929.0,2157.0,1915.0,2155.0,3732531.68863591
2024-11-17 09:00:00,2152.0,2243.0,1979.0,2022.0,8152877.82474393
2024-11-18 09:00:00,2022.0,2565.0,2006.0,2410.0,16566986.91009636
2024-11-19 09:00:00,2410.0,2584.0,2337.0,2406.0,8240017.05573922
2024-11-20 09:00:00,2407.0,2460.0,2260.0,2312.0,2264126.81330669
2024-11-21 09:00:00,2311.0,2432.0,2215.0,2389.0,3351024.3432243
2024-11-22 09:00:00,2383.0,2493.0,2219.0,2478.0,2555230.96147175
2024-11-23 09:00:00,2478.0,2733.0,2409.0,2622.0,5356739.61892023
2024-11-24 09:00:00,2624.0,2844.0,2390.0,2736.0,7724989.58300532
2024-11-25 09:00:00,2736.0,2736.0,2545.0,2603.0,4023748.98625039
2024-11-26 09:00:00,2603.0,2906.0,2571.0,2854.0,9085138.55184925
2024-11-27 09:00:00,2854.0,2940.0,2707.0,2874.0,3462400.93575679
2024-11-28 09:00:00,2874.0,2983.0,2732.0,2957.0,2356052.30417689
2024-11-29 09:00:00,2961.0,3385.0,2912.0,3312.0,5834936.26333895
2024-11-30 09:00:00,3312.0,4411.0,3158.0,4250.0,57502558.72390325
2024-12-01 09:00:00,4251.0,4404.0,3957.0,3969.0,14949109.08878665
2024-12-02 09:00:00,3970.0,4160.0,3772.0,3968.0,10632112.27710003
2024-12-03 09:00:00,3958.0,4266.0,1925.0,4149.0,9246844.97998779
2024-12-04 09:00:00,4150.0,4424.0,4062.0,4172.0,4770294.28606125
2024-12-05 09:00:00,4174.0,4600.0,3916.0,4285.0,6043188.69161921
2024-12-06 09:00:00,4285.0,4587.0,4122.0,4400.0,5071792.18169393
2024-12-07 09:00:00,4399.0,4900.0,4200.0,4263.0,8194427.42258582
2024-12-08 09:00:00,4263.0,4320.0,4137.0,4255.0,1700726.25423586
2024-12-09 09:00:00,4247.0,4263.0,3198.0,3556.0,3671320.03715968
2024-12-10 09:00:00,3556.0,3640.0,3111.0,3395.0,3120269.67480248
2024-12-11 09:00:00,3391.0,3799.0,3257.0,3665.0,2978709.63770891
2024-12-12 09:00:00,3660.0,3997.0,3611.0,3808.0,2291635.63668678
2024-12-13 09:00:00,3813.0,3949.0,3706.0,3903.0,1420588.57849894
2024-12-14 09:00:00,3913.0,4033.0,3684.0,3757.0,1175766.98134625
2024-12-15 09:00:00,3757.0,3953.0,3649.0,3924.0,1357721.99976083
2024-12-16 09:00:00,3924.0,4030.0,3740.0,3935.0,1475995.21909816
2024-12-17 09:00:00,3935.0,4041.0,3800.0,3953.0,1407234.71295812
2024-12-18 09:00:00,3953.0,4011.0,3399.0,3422.0,2903460.61458234
2024-12-19 09:00:00,3423.0,3507.0,3037.0,3059.0,2748271.42401811
2024-12-20 09:00:00,3060.0,3268.0,2671.0,3203.0,3868734.14265847
2024-12-21 09:00:00,3207.0,3593.0,3155.0,3283.0,3728516.21335981
2024-12-22 09:00:00,3275.0,3469.0,3159.0,3259.0,1944218.05737523
2024-12-23 09:00:00,3268.0,3578.0,3159.0,3503.0,2543419.91624376
2024-12-24 09:00:00,3503.0,3675.0,3371.0,3533.0,1661287.333385
2024-12-25 09:00:00,3530.0,3667.0,3455.0,3528.0,1532190.14310087
2024-12-26 09:00:00,3528.0,3575.0,3200.0,3233.0,1697968.40323124
2024-12-27 09:00:00,3236.0,3500.0,3185.0,3288.0,3869902.3761946
2024-12-28 09:00:00,3288.0,3633.0,3242.0,3575.0,1467870.01342972
2024-12-29 09:00:00,3576.0,3672.0,3425.0,3446.0,1844667.22417975
2024-12-30 09:00:00,3446.0,3621.0,3309.0,3480.0,2050135.81194257
2024-12-31 09:00:00,3475.0,3554.0,3260.0,3318.0,1511589.63479403
2025-01-01 09:00:00,3315.0,3536.0,3205.0,3516.0,1153512.72814796
2025-01-02 09:00:00,3510.0,3705.0,3497.0,3587.0,1505962.89602392
2025-01-03 09:00:00,3586.0,3750.0,3538.0,3689.0,955292.24336499
2025-01-04 09:00:00,3689.0,3745.0,3614.0,3635.0,655461.45228223
2025-01-05 09:00:00,3635.0,3686.0,3553.0,3614.0,787674.83384836
2025-01-06 09:00:00,3615.0,3844.0,3552.0,3757.0,1805629.51302193
2025-01-07 09:00:00,3760.0,3788.0,3407.0,3407.0,1551316.27783613
2025-01-08 09:00:00,3420.0,3474.0,3130.0,3228.0,1946487.073921
2025-01-09 09:00:00,3228.0,3336.0,3146.0,3204.0,2253645.80124324
2025-01-10 09:00:00,3199.0,3323.0,3152.0,3271.0,1771675.17062502
2025-01-11 09:00:00,3271.0,3292.0,3163.0,3238.0,852283.25035533
2025-01-12 09:00:00,3242.0,3512.0,3148.0,3171.0,16145554.73020347
2025-01-13 09:00:00,3171.0,3252.0,2884.0,3104.0,2421521.66564997
2025-01-14 09:00:00,3095.0,3270.0,3061.0,3217.0,1528689.82080728
2025-01-15 09:00:00,3226.0,3525.0,3161.0,3508.0,3059009.8170488
2025-01-16 09:00:00,3508.0,3649.0,3394.0,3525.0,2366438.02527834
2025-01-17 09:00:00,3525.0,3699.0,3525.0,3682.0,1686045.69890419
2025-01-18 09:00:00,3682.0,3731.0,3336.0,3417.0,1703333.11357319
2025-01-19 09:00:00,3415.0,3575.0,2999.0,3050.0,5506768.45216099
2025-01-20 09:00:00,3050.0,3290.0,2950.0,3020.0,2050864.51776281
2025-01-21 09:00:00,3025.0,3231.0,2921.0,3132.0,1248898.38680189
2025-01-22 09:00:00,3144.0,3210.0,3032.0,3062.0,586966.91912631
2025-01-23 09:00:00,3050.0,3109.0,2965.0,3039.0,461354.1531781
2025-01-24 09:00:00,3038.0,3105.0,2953.0,2966.0,344299.23912439
2025-01-25 09:00:00,2967.0,3026.0,2945.0,3011.0,301201.07815777
2025-01-26 09:00:00,3005.0,3066.0,2949.0,2949.0,467072.24829531
2025-01-27 09:00:00,2959.0,2974.0,2703.0,2890.0,1128428.60113443
2025-01-28 09:00:00,2884.0,2950.0,2738.0,2774.0,699513.05637178
2025-01-29 09:00:00,2772.0,2995.0,2755.0,2905.0,603180.09349507
2025-01-30 09:00:00,2904.0,3073.0,2895.0,2937.0,545448.46962917
2025-01-31 09:00:00,2945.0,3557.0,2891.0,2950.0,10486790.87933195
2025-02-01 09:00:00,2950.0,3170.0,2730.0,2766.0,9941102.44240458
2025-02-02 09:00:00,2767.0,2806.0,2339.0,2444.0,3510786.53632742
2025-02-03 09:00:00,2436.0,2485.0,2000.0,2447.0,4872811.03639634
2025-02-04 09:00:00,2450.0,2494.0,2160.0,2265.0,2246460.92958293
2025-02-05 09:00:00,2265.0,2298.0,2121.0,2141.0,943626.07911041
2025-02-06 09:00:00,2148.0,2200.0,2017.0,2043.0,822571.7064848
2025-02-07 09:00:00,2040.0,2171.0,1979.0,2047.0,731502.65574811
2025-02-08 09:00:00,2042.0,2084.0,1975.0,2054.0,484482.7824478
2025-02-09 09:00:00,2054.0,2106.0,1881.0,1955.0,1391744.65502978
2025-02-10 09:00:00,1954.0,2125.0,1892.0,2088.0,10690511.23882141
2025-02-11 09:00:00,2088.0,2207.0,2055.0,2074.0,2176448.45585515
2025-02-12 09:00:00,2074.0,2200.0,1961.0,2175.0,1096092.13829406
2025-02-13 09:00:00,2170.0,2190.0,2053.0,2072.0,544252.13738066
2025-02-14 09:00:00,2075.0,2191.0,2065.0,2136.0,457451.82819873
2025-02-15 09:00:00,2136.0,2160.0,2034.0,2054.0,495064.51760058
2025-02-16 09:00:00,2060.0,2085.0,2000.0,2025.0,1173235.6061371
2025-02-17 09:00:00,2030.0,2084.0,1961.0,2002.0,683640.72989704
2025-02-18 09:00:00,1999.0,2011.0,1835.0,1885.0,1262709.66369475
2025-02-19 09:00:00,1891.0,1940.0,1833.0,1904.0,1448087.46884746
2025-02-20 09:00:00,1902.0,1994.0,1884.0,1991.0,755591.89946454
2025-02-21 09:00:00,1992.0,2098.0,1921.0,1956.0,869526.94783617
2025-02-22 09:00:00,1956.0,2006.0,1947.0,1993.0,316791.32078291
2025-02-23 09:00:00,1993.0,2000.0,1892.0,1936.0,493126.39582456
2025-02-24 09:00:00,1934.0,1997.0,1640.0,1650.0,5475151.7257472
2025-02-25 09:00:00,1650.0,1728.0,1536.0,1708.0,1867307.13677775
2025-02-26 09:00:00,1707.0,1748.0,1657.0,1724.0,733328.11126776
2025-02-27 09:00:00,1724.0,1795.0,1686.0,1725.0,1218925.22244373
2025-02-28 09:00:00,1726.0,1738.0,1576.0,1718.0,1260286.30168526
2025-03-01 09:00:00,1719.0,1757.0,1652.0,1751.0,867844.95021719
2025-03-02 09:00:00,1747.0,1958.0,1697.0,1955.0,1536945.10908004
2025-03-03 09:00:00,1955.0,1965.0,1610.0,1639.0,1680596.91609259
2025-03-04 09:00:00,1639.0,1660.0,1444.0,1546.0,2707380.17639997
2025-03-05 09:00:00,1547.0,1644.0,1528.0,1619.0,1155608.22633581
2025-03-06 09:00:00,1613.0,1654.0,1563.0,1575.0,623725.87631652
2025-03-07 09:00:00,1579.0,1625.0,1501.0,1561.0,678238.96924715
2025-03-08 09:00:00,1556.0,1572.0,1493.0,1502.0,367713.49045606
2025-03-09 09:00:00,1503.0,1519.0,1327.0,1345.0,1446119.37394356
2025-03-10 09:00:00,1345.0,1395.0,1205.0,1213.0,1814628.99521731
2025-03-11 09:00:00,1218.0,1305.0,1125.0,1271.0,1264599.70294171
2025-03-12 09:00:00,1277.0,1359.0,1239.0,1330.0,895728.18117311
2025-03-13 09:00:00,1332.0,1338.0,1247.0,1283.0,546585.72746908
2025-03-14 09:00:00,1286.0,1342.0,1277.0,1316.0,597808.919567
2025-03-15 09:00:00,1312.0,1364.0,1301.0,1339.0,337184.94689429
2025-03-16 09:00:00,1339.0,1346.0,1248.0,1267.0,427894.44135054
2025-03-17 09:00:00,1270.0,1377.0,1265.0,1335.0,1003048.26936237
2025-03-18 09:00:00,1332.0,1349.0,1288.0,1347.0,449147.48516712
2025-03-19 09:00:00,1346.0,1420.0,1315.0,1413.0,934137.41627001
2025-03-20 09:00:00,1413.0,1419.0,1362.0,1396.0,463273.82900308
2025-03-21 09:00:00,1402.0,1418.0,1335.0,1361.0,506056.93204397
2025-03-22 09:00:00,1359.0,1403.0,1343.0,1374.0,435602.01253068
2025-03-23 09:00:00,1376.0,1386.0,1343.0,1355.0,365511.88087099
2025-03-24 09:00:00,1355.0,1460.0,1332.0,1436.0,1416842.33712395
2025-03-25 09:00:00,1442.0,1466.0,1421.0,1462.0,524007.24133353
2025-03-26 09:00:00,1466.0,1523.0,1445.0,1501.0,1044205.87386544
2025-03-27 09:00:00,1502.0,1514.0,1432.0,1450.0,1333511.80008065
2025-03-28 09:00:00,1447.0,1456.0,1309.0,1329.0,797761.03803216
2025-03-29 09:00:00,1329.0,1335.0,1223.0,1237.0,551539.82158935
2025-03-30 09:00:00,1239.0,1264.0,1194.0,1221.0,397355.41215068
2025-03-31 09:00:00,1220.0,1229.0,1168.0,1202.0,1028707.96850141
2025-04-01 09:00:00,1203.0,1289.0,1195.0,1243.0,1010897.22874202
2025-04-02 09:00:00,1241.0,1268.0,1135.0,1152.0,1461749.84471781
2025-04-03 09:00:00,1149.0,1204.0,1105.0,1163.0,1883414.88684505
2025-04-04 09:00:00,1164.0,1173.0,1109.0,1150.0,807456.33196293
2025-04-05 09:00:00,1148.0,1182.0,1132.0,1150.0,408488.93056983
2025-04-06 09:00:00,1148.0,1154.0,1024.0,1045.0,1788581.58549281
2025-04-07 09:00:00,1050.0,1107.0,945.8,1069.0,1598302.85577303
2025-04-08 09:00:00,1064.0,1104.0,1023.0,1028.0,636317.45250878
2025-04-09 09:00:00,1027.0,1148.0,994.1,1130.0,2168879.14858295
2025-04-10 09:00:00,1130.0,1136.0,1053.0,1072.0,2010753.57574513
2025-04-11 09:00:00,1072.0,1094.0,1062.0,1067.0,1552812.58950951
2025-04-12 09:00:00,1067.0,1124.0,1045.0,1106.0,1332927.35545712
2025-04-13 09:00:00,1109.0,1116.0,1012.0,1026.0,1503853.77462449
2025-04-14 09:00:00,1025.0,1056.0,983.0,998.1,1926779.27006143
2025-04-15 09:00:00,998.1,1005.0,965.1,972.5,1413449.44482614
2025-04-16 09:00:00,972.5,992.2,909.9,927.0,2084517.86679794
2025-04-17 09:00:00,927.8,938.7,895.2,906.4,2040924.21948187
2025-04-18 09:00:00,906.3,950.5,897.3,928.7,2794838.05320601
2025-04-19 09:00:00,928.9,989.8,925.0,980.4,6520819.71433346
2025-04-20 09:00:00,980.4,985.9,927.1,945.9,2649964.96887304
2025-04-21 09:00:00,945.9,1013.0,903.6,910.5,16203891.4477766
2025-04-22 09:00:00,912.6,980.6,870.0,975.4,10782439.36940565
2025-04-23 09:00:00,975.3,1014.0,959.4,991.3,9001394.9911778
2025-04-24 09:00:00,991.3,1035.0,937.1,1028.0,5826521.20434144
2025-04-25 09:00:00,1027.0,1099.0,1019.0,1080.0,5615700.68132431
2025-04-26 09:00:00,1080.0,1115.0,1057.0,1078.0,3424338.52297661
2025-04-27 09:00:00,1078.0,1100.0,1020.0,1024.0,3103171.13510499
2025-04-28 09:00:00,1023.0,1097.0,993.7,1085.0,2695913.03449541
2025-04-29 09:00:00,1085.0,1171.0,1067.0,1090.0,6383183.64170119
2025-04-30 09:00:00,1088.0,1100.0,1030.0,1077.0,3004193.80460117
2025-05-01 09:00:00,1077.0,1113.0,1070.0,1090.0,2238361.11366409
2025-05-02 09:00:00,1090.0,1125.0,1059.0,1102.0,2175772.36679252
2025-05-03 09:00:00,1105.0,1107.0,1025.0,1032.0,1988775.3636019
2025-05-04 09:00:00,1032.0,1037.0,969.9,979.4,2329481.06365675
2025-05-05 09:00:00,981.8,1009.0,979.3,989.1,2189924.2989129
2025-05-06 09:00:00,989.9,1007.0,948.6,999.6,2837302.30486818
2025-05-07 09:00:00,999.6,1025.0,987.0,1021.0,1996793.74520993
2025-05-08 09:00:00,1022.0,1184.0,1012.0,1173.0,4378060.43412471
2025-05-09 09:00:00,1175.0,1267.0,1168.0,1257.0,2988291.68681789
2025-05-10 09:00:00,1257.0,1395.0,1245.0,1391.0,3462027.69153784
2025-05-11 09:00:00,1392.0,1511.0,1356.0,1392.0,8832429.04965632
2025-05-12 09:00:00,1392.0,1492.0,1362.0,1422.0,3115642.53602315
2025-05-13 09:00:00,1426.0,1497.0,1341.0,1474.0,1739919.26083056
2025-05-14 09:00:00,1474.0,1526.0,1385.0,1392.0,1848543.61249341
2025-05-15 09:00:00,1396.0,1406.0,1239.0,1268.0,2684859.55131345
2025-05-16 09:00:00,1272.0,1312.0,1238.0,1250.0,1479259.00310023
2025-05-17 09:00:00,1250.0,1253.0,1191.0,1200.0,1005103.44616776
2025-05-18 09:00:00,1202.0,1320.0,1195.0,1305.0,2289227.60601515
2025-05-19 09:00:00,1305.0,1309.0,1178.0,1266.0,3276407.38628342
2025-05-20 09:00:00,1267.0,1299.0,1238.0,1286.0,1715337.36467441
2025-05-21 09:00:00,1287.0,1308.0,1238.0,1266.0,1772649.15949839
2025-05-22 09:00:00,1266.0,1360.0,1262.0,1345.0,1875380.8502275
2025-05-23 09:00:00,1344.0,1387.0,1207.0,1216.0,4177629.6470345
2025-05-24 09:00:00,1212.0,1235.0,1190.0,1201.0,1512263.11194184
2025-05-25 09:00:00,1201.0,1216.0,1146.0,1212.0,1095900.19023557
2025-05-26 09:00:00,1213.0,1229.0,1165.0,1178.0,888402.27975929
2025-05-27 09:00:00,1180.0,1257.0,1146.0,1223.0,1352723.47588585
2025-05-28 09:00:00,1223.0,1253.0,1178.0,1228.0,1778618.90932382
2025-05-29 09:00:00,1228.0,1260.0,1148.0,1152.0,1500617.21044043
2025-05-30 09:00:00,1151.0,1155.0,1027.0,1035.0,2439086.65082563
2025-05-31 09:00:00,1034.0,1086.0,991.0,1065.0,1601812.98218048
2025-06-01 09:00:00,1068.0,1089.0,1038.0,1083.0,1147960.40703519
2025-06-02 09:00:00,1083.0,1107.0,1032.0,1103.0,919733.51666459
2025-06-03 09:00:00,1100.0,1135.0,1079.0,1091.0,738366.09590003
2025-06-04 09:00:00,1091.0,1115.0,1038.0,1048.0,920790.17373702
2025-06-05 09:00:00,1046.0,1069.0,979.4,993.1,1531192.80384386
2025-06-06 09:00:00,993.6,1066.0,985.6,1031.0,721795.14033677
2025-06-07 09:00:00,1032.0,1091.0,1030.0,1068.0,703183.33590603
2025-06-08 09:00:00,1066.0,1069.0,1035.0,1046.0,553042.74783984
2025-06-09 09:00:00,1049.0,1103.0,1013.0,1102.0,1098417.62327132
2025-06-10 09:00:00,1101.0,1139.0,1075.0,1132.0,989195.56522656
2025-06-11 09:00:00,1133.0,1141.0,1076.0,1095.0,835885.39407165
2025-06-12 09:00:00,1095.0,1096.0,1018.0,1019.0,852703.91237616
2025-06-13 09:00:00,1021.0,1021.0,943.5,988.6,2251932.88398142
2025-06-14 09:00:00,988.8,991.9,957.4,980.8,515908.62819201
2025-06-15 09:00:00,979.7,988.9,947.5,969.6,739034.05147151
2025-06-16 09:00:00,969.3,1015.0,951.1,966.3,1120778.36655564
2025-06-17 09:00:00,965.2,986.9,928.4,954.1,836293.49501526
2025-06-18 09:00:00,955.2,969.9,913.0,956.5,939521.6214888
2025-06-19 09:00:00,956.5,968.0,925.0,945.4,422013.0419748
2025-06-20 09:00:00,944.7,964.6,900.0,911.7,694790.56398552
2025-06-21 09:00:00,914.9,932.1,846.9,864.8,1084026.52419169
2025-06-22 09:00:00,867.8,879.8,792.0,835.5,1585461.01376426
2025-06-23 09:00:00,835.4,932.4,829.5,928.9,1024229.63267998
2025-06-24 09:00:00,929.8,965.2,920.1,949.6,774117.89859523
2025-06-25 09:00:00,949.6,959.7,918.9,924.2,747455.64415774
2025-06-26 09:00:00,924.1,946.4,893.5,893.5,610048.33364738
2025-06-27 09:00:00,896.4,920.0,885.3,907.0,590374.03310027
2025-06-28 09:00:00,908.8,930.9,897.0,923.6,255698.53171963
2025-06-29 09:00:00,922.6,984.1,911.0,965.5,536543.58783778
2025-06-30 09:00:00,966.2,975.1,922.4,941.8,1083579.17752577
2025-07-01 09:00:00,942.1,945.2,890.0,893.5,687405.92422578
2025-07-02 09:00:00,895.9,986.5,883.4,970.2,996618.68595551
2025-07-03 09:00:00,970.1,993.8,959.8,975.4,699665.47307632
2025-07-04 09:00:00,975.4,988.0,926.0,937.0,524221.30267243
2025-07-05 09:00:00,939.0,951.5,923.2,944.6,350528.37852643
2025-07-06 09:00:00,944.7,971.7,926.7,954.0,447185.23187387
2025-07-07 09:00:00,955.6,967.4,928.6,937.5,330958.33361964
2025-07-08 09:00:00,940.3,961.3,923.2,950.4,405492.01321134
2025-07-09 09:00:00,950.4,1012.0,944.9,1001.0,856481.68740039
2025-07-10 09:00:00,1001.0,1076.0,992.9,1069.0,771674.78229825
2025-07-11 09:00:00,1069.0,1119.0,1038.0,1059.0,1463443.24033848
2025-07-12 09:00:00,1062.0,1097.0,1032.0,1071.0,1523072.53004447
2025-07-13 09:00:00,1070.0,1130.0,1063.0,1104.0,2049914.8584519
2025-07-14 09:00:00,1104.0,1152.0,1068.0,1085.0,2877119.36832738
2025-07-15 09:00:00,1088.0,1140.0,1035.0,1140.0,1826433.88068935
2025-07-16 09:00:00,1141.0,1197.0,1119.0,1155.0,4200327.42991974
2025-07-17 09:00:00,1155.0,1190.0,1126.0,1179.0,2218268.25411779
2025-07-18 09:00:00,1179.0,1288.0,1173.0,1198.0,4229357.94061962
2025-07-19 09:00:00,1201.0,1251.0,1166.0,1242.0,2065318.17487536
2025-07-20 09:00:00,1241.0,1344.0,1230.0,1310.0,3730698.28256896
2025-07-21 09:00:00,1314.0,1370.0,1286.0,1324.0,3013283.4041957
2025-07-22 09:00:00,1325.0,1337.0,1242.0,1326.0,3294877.61204596
2025-07-23 09:00:00,1327.0,1365.0,1181.0,1225.0,3523679.84232238
2025-07-24 09:00:00,1225.0,1253.0,1121.0,1170.0,4303240.17491829
2025-07-25 09:00:00,1176.0,1209.0,1133.0,1206.0,1185279.50704872
2025-07-26 09:00:00,1204.0,1238.0,1189.0,1212.0,521933.46119172
2025-07-27 09:00:00,1212.0,1271.0,1209.0,1271.0,1018017.88800519
2025-07-28 09:00:00,1271.0,1300.0,1180.0,1192.0,1333683.39995098
2025-07-29 09:00:00,1192.0,1221.0,1153.0,1183.0,1498774.43088185
2025-07-30 09:00:00,1186.0,1186.0,1106.0,1156.0,1068893.21331064
2025-07-31 09:00:00,1153.0,1280.0,1098.0,1105.0,13047710.24229412
2025-08-01 09:00:00,1103.0,1104.0,1020.0,1045.0,3079767.78016601
2025-08-02 09:00:00,1049.0,1063.0,1002.0,1020.0,1735865.54631291
2025-08-03 09:00:00,1020.0,1055.0,1004.0,1050.0,379228.78069602
2025-08-04 09:00:00,1051.0,1097.0,1042.0,1091.0,659782.83987915
2025-08-05 09:00:00,1091.0,1094.0,1032.0,1059.0,859377.7379909
2025-08-06 09:00:00,1056.0,1086.0,1030.0,1072.0,772441.69934358
2025-08-07 09:00:00,1071.0,1122.0,1065.0,1121.0,1063790.10062767
2025-08-08 09:00:00,1121.0,1154.0,1107.0,1140.0,767344.93557086
2025-08-09 09:00:00,1144.0,1214.0,1140.0,1201.0,1372453.11782244
2025-08-10 09:00:00,1201.0,1216.0,1155.0,1201.0,1894640.20455855
2025-08-11 09:00:00,1203.0,1241.0,1136.0,1154.0,1881854.41095223
2025-08-12 09:00:00,1151.0,1225.0,1128.0,1211.0,1185177.84747198
2025-08-13 09:00:00,1212.0,1258.0,1202.0,1247.0,1218399.88598559
2025-08-14 09:00:00,1247.0,1263.0,1132.0,1160.0,1361079.59507724
2025-08-15 09:00:00,1160.0,1186.0,1113.0,1152.0,772139.46047478
2025-08-16 09:00:00,1155.0,1191.0,1145.0,1182.0,427039.52956704
2025-08-17 09:00:00,1182.0,1200.0,1160.0,1164.0,459599.21498742
2025-08-18 09:00:00,1164.0,1166.0,1095.0,1105.0,1058329.59942771
2025-08-19 09:00:00,1105.0,1122.0,1061.0,1064.0,748554.70430613
2025-08-20 09:00:00,1064.0,1115.0,1062.0,1108.0,444999.18681536
2025-08-21 09:00:00,1109.0,1114.0,1081.0,1087.0,409163.1959583
2025-08-22 09:00:00,1093.0,1187.0,1046.0,1177.0,1362263.44948459
2025-08-23 09:00:00,1176.0,1181.0,1135.0,1160.0,526054.42584113
2025-08-24 09:00:00,1163.0,1205.0,1115.0,1169.0,913321.28852162
2025-08-25 09:00:00,1170.0,1208.0,1060.0,1078.0,1560627.20356114
2025-08-26 09:00:00,1077.0,1127.0,1068.0,1119.0,597435.19396851
2025-08-27 09:00:00,1119.0,1130.0,1099.0,1102.0,571846.78700146
2025-08-28 09:00:00,1102.0,1158.0,1095.0,1152.0,1081255.84419699
2025-08-29 09:00:00,1152.0,1159.0,1076.0,1095.0,1127574.72171329
2025-08-30 09:00:00,1095.0,1106.0,1062.0,1093.0,303834.54467938
2025-08-31 09:00:00,1094.0,1156.0,1088.0,1089.0,2533641.5519489
2025-09-01 09:00:00,1087.0,1214.0,1043.0,1061.0,4592450.62951936
2025-09-02 09:00:00,1061.0,1102.0,1056.0,1100.0,669303.7469602
2025-09-03 09:00:00,1100.0,1110.0,1082.0,1095.0,358576.18618273
2025-09-04 09:00:00,1096.0,1102.0,1056.0,1071.0,441359.39063486
2025-09-05 09:00:00,1069.0,1117.0,1066.0,1101.0,511803.22067406
2025-09-06 09:00:00,1101.0,1104.0,1080.0,1086.0,197523.91142206
2025-09-07 09:00:00,1086.0,1108.0,1086.0,1095.0,297274.65461508
2025-09-08 09:00:00,1095.0,1129.0,1089.0,1125.0,605577.93277034
2025-09-09 09:00:00,1125.0,1170.0,1118.0,1134.0,1138679.21499495
2025-09-10 09:00:00,1136.0,1162.0,1127.0,1159.0,861904.15598218
2025-09-11 09:00:00,1159.0,1168.0,1132.0,1162.0,692071.03025397
2025-09-12 09:00:00,1162.0,1193.0,1129.0,1193.0,937921.38640387
2025-09-13 09:00:00,1190.0,1220.0,1180.0,1218.0,733902.41670658
2025-09-14 09:00:00,1218.0,1219.0,1155.0,1170.0,656689.09741976
2025-09-15 09:00:00,1170.0,1191.0,1107.0,1125.0,770656.5411441
2025-09-16 09:00:00,1126.0,1152.0,1106.0,1144.0,444513.71597773
2025-09-17 09:00:00,1145.0,1176.0,1115.0,1169.0,568087.1528951
2025-09-18 09:00:00,1171.0,1204.0,1164.0,1202.0,452882.77215573
2025-09-19 09:00:00,1203.0,1213.0,1140.0,1144.0,997715.90675462
2025-09-20 09:00:00,1145.0,1165.0,1140.0,1144.0,328902.79149505
2025-09-21 09:00:00,1144.0,1160.0,1122.0,1125.0,349547.04705605
2025-09-22 09:00:00,1125.0,1129.0,1011.0,1068.0,1068591.26597401
2025-09-23 09:00:00,1068.0,1078.0,1032.0,1048.0,403379.49619225
2025-09-24 09:00:00,1048.0,1076.0,1033.0,1048.0,328476.75891621
2025-09-25 09:00:00,1048.0,1051.0,989.0,991.0,716181.15685491
2025-09-26 09:00:00,993.0,1055.0,993.0,1033.0,792469.27433737
2025-09-27 09:00:00,1032.0,1033.0,997.0,1005.0,458157.22553614
2025-09-28 09:00:00,1004.0,1019.0,979.0,1015.0,470024.55060631
2025-09-29 09:00:00,1016.0,1016.0,969.0,993.0,818581.56195989
2025-09-30 09:00:00,993.0,998.0,956.0,977.0,487479.61450615
2025-10-01 09:00:00,980.0,1044.0,973.0,1034.0,661676.77178933
2025-10-02 09:00:00,1035.0,1057.0,1020.0,1051.0,553302.95323412
2025-10-03 09:00:00,1048.0,1102.0,1032.0,1075.0,855857.03183678
2025-10-04 09:00:00,1072.0,1077.0,1031.0,1046.0,296529.18861059
2025-10-05 09:00:00,1045.0,1088.0,1034.0,1057.0,538086.4761093
2025-10-06 09:00:00,1055.0,1115.0,1051.0,1102.0,678168.35354011
2025-10-07 09:00:00,1106.0,1115.0,1044.0,1058.0,760897.75992789
2025-10-08 09:00:00,1059.0,1075.0,1050.0,1057.0,328041.09918491
2025-10-09 09:00:00,1059.0,1063.0,1023.0,1031.0,607015.35431757
2025-10-10 09:00:00,1033.0,1057.0,654.0,725.0,5344992.10331364
2025-10-11 09:00:00,724.0,863.0,689.0,744.0,4520490.89863893
2025-10-12 09:00:00,745.0,876.0,731.0,862.0,2525208.27054716
2025-10-13 09:00:00,862.0,914.0,843.0,896.0,1318212.64810952
2025-10-14 09:00:00,896.0,900.0,813.0,860.0,1612950.40379219
2025-10-15 09:00:00,862.0,881.0,831.0,843.0,664346.17556231
2025-10-16 09:00:00,840.0,883.0,813.0,821.0,1553616.4212332
2025-10-17 09:00:00,820.0,834.0,759.0,832.0,2030743.28493728
2025-10-18 09:00:00,830.0,861.0,822.0,850.0,582466.05234367
2025-10-19 09:00:00,848.0,876.0,833.0,853.0,1557183.94495953
2025-10-20 09:00:00,852.0,869.0,826.0,839.0,665113.41467842
2025-10-21 09:00:00,839.0,892.0,810.0,835.0,980063.10142228
2025-10-22 09:00:00,837.0,847.0,797.0,817.0,885637.06813276
2025-10-23 09:00:00,818.0,847.0,800.0,834.0,505233.20451007
2025-10-24 09:00:00,835.0,846.0,816.0,824.0,272318.03886339
2025-10-25 09:00:00,824.0,828.0,808.0,825.0,264269.61584476
2025-10-26 09:00:00,826.0,846.0,812.0,834.0,625279.75832739
2025-10-27 09:00:00,834.0,849.0,795.0,795.0,1118236.45049851
2025-10-28 09:00:00,798.0,809.0,761.0,773.0,1058000.30052007
2025-10-29 09:00:00,774.0,809.0,773.0,780.0,793926.08961512
2025-10-30 09:00:00,786.0,790.0,712.0,730.0,1625169.65952393
2025-10-31 09:00:00,731.0,744.0,716.0,730.0,574043.27788697
2025-11-01 09:00:00,730.0,748.0,726.0,748.0,464146.75443084
2025-11-02 09:00:00,748.0,751.0,718.0,740.0,757086.53533052
2025-11-03 09:00:00,740.0,741.0,606.0,631.0,4474894.89116711
2025-11-04 09:00:00,631.0,649.0,566.0,616.0,3613180.89116632
2025-11-05 09:00:00,616.0,645.0,575.0,643.0,1787920.98558517
2025-11-06 09:00:00,644.0,653.0,605.0,624.0,1751426.10810426
2025-11-07 09:00:00,624.0,799.0,624.0,772.0,4349021.25236162
2025-11-08 09:00:00,772.0,806.0,719.0,748.0,1540004.91637031
2025-11-09 09:00:00,746.0,746.0,694.0,718.0,1242255.5853623
2025-11-10 09:00:00,718.0,735.0,699.0,722.0,1081614.71493886
2025-11-11 09:00:00,727.0,740.0,676.0,679.0,1399738.79376858
2025-11-12 09:00:00,678.0,724.0,665.0,674.0,6030235.75172238
2025-11-13 09:00:00,671.0,686.0,627.0,640.0,1859623.64972865
2025-11-14 09:00:00,640.0,658.0,618.0,628.0,2287873.61305989
2025-11-15 09:00:00,627.0,650.0,626.0,638.0,684868.98762082
2025-11-16 09:00:00,637.0,638.0,590.0,605.0,1421683.67603416
2025-11-17 09:00:00,605.0,628.0,586.0,589.0,1473771.96081775
2025-11-18 09:00:00,589.0,616.0,582.0,606.0,930703.77762196
2025-11-19 09:00:00,606.0,650.0,566.0,596.0,9571760.54288663
2025-11-20 09:00:00,596.0,611.0,557.0,562.0,2292766.48519045
2025-11-21 09:00:00,565.0,576.0,505.0,527.0,3223429.52621518
2025-11-22 09:00:00,530.0,532.0,500.0,520.0,1103009.41881735
2025-11-23 09:00:00,520.0,550.0,516.0,539.0,1329777.37654307
2025-11-24 09:00:00,540.0,558.0,528.0,550.0,991283.7108951
2025-11-25 09:00:00,550.0,557.0,536.0,555.0,496873.07530817
2025-11-26 09:00:00,554.0,558.0,529.0,552.0,727848.42846519
2025-11-27 09:00:00,550.0,563.0,541.0,557.0,912879.37047345
2025-11-28 09:00:00,555.0,565.0,535.0,540.0,1409996.53745539
2025-11-29 09:00:00,541.0,554.0,538.0,548.0,848455.65531605
2025-11-30 09:00:00,548.0,700.0,548.0,578.0,24259543.74098023
2025-12-01 09:00:00,578.0,590.0,472.0,490.0,4274031.84442141
2025-12-02 09:00:00,490.0,520.0,472.0,506.0,1739133.1688291
2025-12-03 09:00:00,506.0,527.0,503.0,521.0,1081729.77143897
2025-12-04 09:00:00,522.0,528.0,501.0,508.0,738562.80860931
2025-12-05 09:00:00,507.0,517.0,484.0,497.0,1151803.36055484
2025-12-06 09:00:00,496.0,516.0,493.0,512.0,506506.92188972
2025-12-07 09:00:00,512.0,517.0,488.0,495.0,662482.24531869
2025-12-08 09:00:00,494.0,521.0,492.0,515.0,594818.96873937
2025-12-09 09:00:00,515.0,544.0,504.0,529.0,627736.31527664
2025-12-10 09:00:00,527.0,539.0,514.0,520.0,800577.356371
2025-12-11 09:00:00,516.0,524.0,493.0,513.0,1212835.61833546
2025-12-12 09:00:00,513.0,545.0,503.0,515.0,2842452.89158731
2025-12-13 09:00:00,515.0,535.0,513.0,534.0,1063236.38358629
2025-12-14 09:00:00,533.0,533.0,499.0,501.0,1063955.36183446
2025-12-15 09:00:00,502.0,518.0,468.0,480.0,1382148.56135094
2025-12-16 09:00:00,482.0,493.0,473.0,484.0,1040724.97791942
2025-12-17 09:00:00,484.0,498.0,446.0,449.0,1848882.30373031
2025-12-18 09:00:00,447.0,449.0,437.0,438.0,410120.622614
2025-12-19 09:00:00,414.0,456.0,402.0,447.0,1378408.28121496
2025-12-20 09:00:00,449.0,453.0,434.0,437.0,772645.15473602
2025-12-21 09:00:00,437.0,440.0,410.0,414.0,1487497.97833632
2025-12-22 09:00:00,414.0,432.0,407.0,415.0,1760746.17709566
2025-12-23 09:00:00,417.0,420.0,395.0,409.0,1667953.32136815
2025-12-24 09:00:00,409.0,420.0,393.0,402.0,4810111.49086881
2025-12-25 09:00:00,403.0,416.0,383.0,385.0,2071116.05646375
2025-12-26 09:00:00,385.0,398.0,374.0,381.0,1804070.25758589
2025-12-27 09:00:00,381.0,405.0,378.0,404.0,1092319.77374517
2025-12-28 09:00:00,405.0,410.0,394.0,400.0,703975.53594066
2025-12-29 09:00:00,400.0,405.0,388.0,390.0,850268.30941097
2025-12-30 09:00:00,389.0,403.0,385.0,394.0,946838.31727667
2025-12-31 09:00:00,393.0,395.0,381.0,386.0,636766.23552726
2026-01-01 09:00:00,386.0,408.0,383.0,405.0,702207.87295715
2026-01-02 09:00:00,406.0,421.0,401.0,420.0,1088844.91452014
